network,condition,plastic_pn_kc,plastic_kc_en,mean_connections_per_kc,min_connections,max_connections,cs_plus_pi,cs_minus_pi,peak_pattern,peak_pi,profile_range,peak_distance_from_cs_plus,peak_distance_from_cs_minus,peak_distance_advantage,peak_geometric_candidate,strict_peak_shift,changed_pn_kc_synapses,changed_pn_kc_percent,learned_cs_overlap,learned_cs_similarity,mean_active_kcs,min_active_kcs,max_active_kcs
1,NONE,False,False,9.9145,5,15,-0.0,-0.0,1,-0.0,0.0,49,36,-13,False,False,0,0.0,58,28.999999999999996,200.0,200,200
1,PN_KC_ONLY,True,False,9.9145,5,15,-0.0,-0.0,1,-0.0,0.0,49,36,-13,False,False,21900,5.475,109,54.50000000000001,200.0,200,200
1,KC_EN_ONLY,False,True,9.9145,5,15,18.399986267089844,-31.30001449584961,51,18.399986267089844,49.70000076293945,0,14,14,False,False,0,0.0,58,28.999999999999996,200.0,200,200
1,FULL,True,True,9.9145,5,15,7.679982662200928,-1.820011019706726,53,7.819986343383789,9.639997363090515,2,14,12,True,True,21900,5.475,109,54.50000000000001,200.0,200,200
2,NONE,False,False,10.065,5,15,-0.0,-0.0,1,-0.0,0.0,49,36,-13,False,False,0,0.0,73,36.5,200.0,200,200
2,PN_KC_ONLY,True,False,10.065,5,15,-0.0,-0.0,1,-0.0,0.0,49,36,-13,False,False,21284,5.321,131,65.5,200.0,200,200
2,KC_EN_ONLY,False,True,10.065,5,15,15.399980545043945,-29.050006866455078,51,15.399980545043945,44.44998741149902,0,14,14,False,False,0,0.0,73,36.5,200.0,200,200
2,FULL,True,True,10.065,5,15,5.7199811935424805,-2.030010223388672,45,6.394986629486084,8.424996852874756,5,17,12,True,True,21284,5.321,131,65.5,200.0,200,200
3,NONE,False,False,10.0875,5,15,-0.0,-0.0,1,-0.0,0.0,49,36,-13,False,False,0,0.0,76,38.0,200.0,200,200
3,PN_KC_ONLY,True,False,10.0875,5,15,-0.0,-0.0,1,-0.0,0.0,49,36,-13,False,False,23860,5.965,150,75.0,200.0,200,200
3,KC_EN_ONLY,False,True,10.0875,5,15,14.799991607666016,-28.600008010864258,51,14.799991607666016,43.39999961853027,0,14,14,False,False,0,0.0,76,38.0,200.0,200,200
3,FULL,True,True,10.0875,5,15,7.544980049133301,-3.8750123977661133,53,7.989983081817627,11.86499547958374,2,14,12,True,True,23860,5.965,150,75.0,200.0,200,200
4,NONE,False,False,10.05075,5,15,-0.0,-0.0,1,-0.0,0.0,49,36,-13,False,False,0,0.0,78,39.0,200.0,200,200
4,PN_KC_ONLY,True,False,10.05075,5,15,-0.0,-0.0,1,-0.0,0.0,49,36,-13,False,False,22282,5.5705,138,69.0,200.0,200,200
4,KC_EN_ONLY,False,True,10.05075,5,15,14.399996757507324,-28.30001449584961,51,14.399996757507324,42.700011253356934,0,14,14,False,False,0,0.0,78,39.0,200.0,200,200
4,FULL,True,True,10.05075,5,15,5.949978828430176,-7.420005798339844,53,6.314988613128662,13.734994411468506,2,14,12,True,True,22282,5.5705,138,69.0,200.0,200,200
5,NONE,False,False,10.10025,5,15,-0.0,-0.0,1,-0.0,0.0,49,36,-13,False,False,0,0.0,69,34.5,200.0,200,200
5,PN_KC_ONLY,True,False,10.10025,5,15,-0.0,-0.0,1,-0.0,0.0,49,36,-13,False,False,22440,5.609999999999999,147,73.5,200.0,200,200
5,KC_EN_ONLY,False,True,10.10025,5,15,16.199993133544922,-29.650005340576172,51,16.199993133544922,45.849998474121094,0,14,14,False,False,0,0.0,69,34.5,200.0,200,200
5,FULL,True,True,10.10025,5,15,6.009984016418457,-3.6100101470947266,59,6.359996795654297,9.970006942749023,8,20,12,True,True,22440,5.609999999999999,147,73.5,200.0,200,200
6,NONE,False,False,10.04125,5,15,-0.0,-0.0,1,-0.0,0.0,49,36,-13,False,False,0,0.0,72,36.0,200.0,200,200
6,PN_KC_ONLY,True,False,10.04125,5,15,-0.0,-0.0,1,-0.0,0.0,49,36,-13,False,False,21470,5.3675,52,26.0,200.0,200,200
6,KC_EN_ONLY,False,True,10.04125,5,15,15.599981307983398,-29.20000457763672,51,15.599981307983398,44.79998588562012,0,14,14,False,False,0,0.0,72,36.0,200.0,200,200
6,FULL,True,True,10.04125,5,15,6.314983367919922,-1.995010256767273,47,6.859989643096924,8.854999899864197,3,15,12,True,True,21470,5.3675,52,26.0,200.0,200,200
7,NONE,False,False,9.994,5,15,-0.0,-0.0,1,-0.0,0.0,49,36,-13,False,False,0,0.0,66,33.0,200.0,200,200
7,PN_KC_ONLY,True,False,9.994,5,15,-0.0,-0.0,1,-0.0,0.0,49,36,-13,False,False,22568,5.6419999999999995,139,69.5,200.0,200,200
7,KC_EN_ONLY,False,True,9.994,5,15,16.79997444152832,-30.10000228881836,51,16.79997444152832,46.89997673034668,0,14,14,False,False,0,0.0,66,33.0,200.0,200,200
7,FULL,True,True,9.994,5,15,6.614985466003418,-3.0950069427490234,44,6.999989032745361,10.094995975494385,6,16,10,True,True,22568,5.6419999999999995,139,69.5,200.0,200,200
8,NONE,False,False,9.99125,5,15,-0.0,-0.0,1,-0.0,0.0,49,36,-13,False,False,0,0.0,70,35.0,200.0,200,200
8,PN_KC_ONLY,True,False,9.99125,5,15,-0.0,-0.0,1,-0.0,0.0,49,36,-13,False,False,21762,5.4405,115,57.49999999999999,200.0,200,200
8,KC_EN_ONLY,False,True,9.99125,5,15,15.99998950958252,-29.50000762939453,51,15.99998950958252,45.49999713897705,0,14,14,False,False,0,0.0,70,35.0,200.0,200,200
8,FULL,True,True,9.99125,5,15,5.774979591369629,-3.820009231567383,53,6.2799787521362305,10.099987983703613,2,14,12,True,True,21762,5.4405,115,57.49999999999999,200.0,200,200
9,NONE,False,False,10.0035,5,15,-0.0,-0.0,1,-0.0,0.0,49,36,-13,False,False,0,0.0,67,33.5,200.0,200,200
9,PN_KC_ONLY,True,False,10.0035,5,15,-0.0,-0.0,1,-0.0,0.0,49,36,-13,False,False,21974,5.4935,136,68.0,200.0,200,200
9,KC_EN_ONLY,False,True,10.0035,5,15,16.599992752075195,-29.950014114379883,51,16.599992752075195,46.55000686645508,0,14,14,False,False,0,0.0,67,33.5,200.0,200,200
9,FULL,True,True,10.0035,5,15,5.969986915588379,-1.7000102996826172,56,6.389979839324951,8.089990139007568,5,17,12,True,True,21974,5.4935,136,68.0,200.0,200,200
10,NONE,False,False,9.958,5,15,-0.0,-0.0,1,-0.0,0.0,49,36,-13,False,False,0,0.0,68,34.0,200.0,200,200
10,PN_KC_ONLY,True,False,9.958,5,15,-0.0,-0.0,1,-0.0,0.0,49,36,-13,False,False,21884,5.471,118,59.0,200.0,200,200
10,KC_EN_ONLY,False,True,9.958,5,15,16.39998435974121,-29.800003051757812,51,16.39998435974121,46.19998741149902,0,14,14,False,False,0,0.0,68,34.0,200.0,200,200
10,FULL,True,True,9.958,5,15,6.679978370666504,-3.6750125885009766,54,7.509980201721191,11.184992790222168,3,13,10,True,True,21884,5.471,118,59.0,200.0,200,200
11,NONE,False,False,10.04875,5,15,-0.0,-0.0,1,-0.0,0.0,49,36,-13,False,False,0,0.0,65,32.5,200.0,200,200
11,PN_KC_ONLY,True,False,10.04875,5,15,-0.0,-0.0,1,-0.0,0.0,49,36,-13,False,False,22526,5.6315,142,71.0,200.0,200,200
11,KC_EN_ONLY,False,True,10.04875,5,15,16.99999237060547,-30.25000762939453,51,16.99999237060547,47.25,0,14,14,False,False,0,0.0,65,32.5,200.0,200,200
11,FULL,True,True,10.04875,5,15,6.719980239868164,-3.5500097274780273,48,7.164978981018066,10.714988708496094,2,15,13,True,True,22526,5.6315,142,71.0,200.0,200,200
12,NONE,False,False,10.017,5,15,-0.0,-0.0,1,-0.0,0.0,49,36,-13,False,False,0,0.0,64,32.0,200.0,200,200
12,PN_KC_ONLY,True,False,10.017,5,15,-0.0,-0.0,1,-0.0,0.0,49,36,-13,False,False,22332,5.583,143,71.5,200.0,200,200
12,KC_EN_ONLY,False,True,10.017,5,15,17.199989318847656,-30.400007247924805,51,17.199989318847656,47.59999656677246,0,14,14,False,False,0,0.0,64,32.0,200.0,200,200
12,FULL,True,True,10.017,5,15,6.359986782073975,-1.510009765625,55,6.7049784660339355,8.214988231658936,4,16,12,True,True,22332,5.583,143,71.5,200.0,200,200
13,NONE,False,False,9.96275,5,15,-0.0,-0.0,1,-0.0,0.0,49,36,-13,False,False,0,0.0,64,32.0,200.0,200,200
13,PN_KC_ONLY,True,False,9.96275,5,15,-0.0,-0.0,1,-0.0,0.0,49,36,-13,False,False,21486,5.3715,117,58.5,200.0,200,200
13,KC_EN_ONLY,False,True,9.96275,5,15,17.199983596801758,-30.400012969970703,51,17.199983596801758,47.59999656677246,0,14,14,False,False,0,0.0,64,32.0,200.0,200,200
13,FULL,True,True,9.96275,5,15,6.544981002807617,-3.1800172328948975,48,6.944980621337891,10.124997854232788,2,15,13,True,True,21486,5.3715,117,58.5,200.0,200,200
14,NONE,False,False,9.98625,5,15,-0.0,-0.0,1,-0.0,0.0,49,36,-13,False,False,0,0.0,60,30.0,200.0,200,200
14,PN_KC_ONLY,True,False,9.98625,5,15,-0.0,-0.0,1,-0.0,0.0,49,36,-13,False,False,23388,5.847,148,74.0,200.0,200,200
14,KC_EN_ONLY,False,True,9.98625,5,15,17.99997329711914,-31.000003814697266,51,17.99997329711914,48.999977111816406,0,14,14,False,False,0,0.0,60,30.0,200.0,200,200
14,FULL,True,True,9.98625,5,15,8.2999849319458,-1.5200042724609375,50,8.444976806640625,9.964981079101562,1,15,14,True,True,23388,5.847,148,74.0,200.0,200,200
15,NONE,False,False,10.001,5,15,-0.0,-0.0,1,-0.0,0.0,49,36,-13,False,False,0,0.0,66,33.0,200.0,200,200
15,PN_KC_ONLY,True,False,10.001,5,15,-0.0,-0.0,1,-0.0,0.0,49,36,-13,False,False,22006,5.5015,112,56.00000000000001,200.0,200,200
15,KC_EN_ONLY,False,True,10.001,5,15,16.799983978271484,-30.10000228881836,51,16.799983978271484,46.899986267089844,0,14,14,False,False,0,0.0,66,33.0,200.0,200,200
15,FULL,True,True,10.001,5,15,6.929989337921143,-3.470001459121704,55,7.514991760253906,10.98499321937561,4,16,12,True,True,22006,5.5015,112,56.00000000000001,200.0,200,200
16,NONE,False,False,9.9915,5,15,-0.0,-0.0,1,-0.0,0.0,49,36,-13,False,False,0,0.0,71,35.5,200.0,200,200
16,PN_KC_ONLY,True,False,9.9915,5,15,-0.0,-0.0,1,-0.0,0.0,49,36,-13,False,False,22474,5.6185,132,66.0,200.0,200,200
16,KC_EN_ONLY,False,True,9.9915,5,15,15.799983978271484,-29.350017547607422,51,15.799983978271484,45.150001525878906,0,14,14,False,False,0,0.0,71,35.5,200.0,200,200
16,FULL,True,True,9.9915,5,15,7.049980163574219,-2.140011787414551,47,7.469987869262695,9.609999656677246,3,15,12,True,True,22474,5.6185,132,66.0,200.0,200,200
17,NONE,False,False,9.98625,5,15,-0.0,-0.0,1,-0.0,0.0,49,36,-13,False,False,0,0.0,65,32.5,200.0,200,200
17,PN_KC_ONLY,True,False,9.98625,5,15,-0.0,-0.0,1,-0.0,0.0,49,36,-13,False,False,22142,5.5355,134,67.0,200.0,200,200
17,KC_EN_ONLY,False,True,9.98625,5,15,16.99997901916504,-30.25000762939453,51,16.99997901916504,47.24998664855957,0,14,14,False,False,0,0.0,65,32.5,200.0,200,200
17,FULL,True,True,9.98625,5,15,6.629981994628906,-3.0700159072875977,52,7.189979553222656,10.259995460510254,1,15,14,True,True,22142,5.5355,134,67.0,200.0,200,200
18,NONE,False,False,10.06875,5,15,-0.0,-0.0,1,-0.0,0.0,49,36,-13,False,False,0,0.0,62,31.0,200.0,200,200
18,PN_KC_ONLY,True,False,10.06875,5,15,-0.0,-0.0,1,-0.0,0.0,49,36,-13,False,False,22348,5.587000000000001,128,64.0,200.0,200,200
18,KC_EN_ONLY,False,True,10.06875,5,15,17.599987030029297,-30.70000648498535,51,17.599987030029297,48.29999351501465,0,14,14,False,False,0,0.0,62,31.0,200.0,200,200
18,FULL,True,True,10.06875,5,15,8.114986419677734,-1.7050076723098755,52,8.344979286193848,10.049986958503723,1,15,14,True,True,22348,5.587000000000001,128,64.0,200.0,200,200
19,NONE,False,False,9.94825,5,15,-0.0,-0.0,1,-0.0,0.0,49,36,-13,False,False,0,0.0,70,35.0,200.0,200,200
19,PN_KC_ONLY,True,False,9.94825,5,15,-0.0,-0.0,1,-0.0,0.0,49,36,-13,False,False,22204,5.550999999999999,127,63.5,200.0,200,200
19,KC_EN_ONLY,False,True,9.94825,5,15,15.99998950958252,-29.50000762939453,51,15.99998950958252,45.49999713897705,0,14,14,False,False,0,0.0,70,35.0,200.0,200,200
19,FULL,True,True,9.94825,5,15,6.8899827003479,-2.4300098419189453,48,7.3749823570251465,9.804992198944092,2,15,13,True,True,22204,5.550999999999999,127,63.5,200.0,200,200
20,NONE,False,False,9.951,5,15,-0.0,-0.0,1,-0.0,0.0,49,36,-13,False,False,0,0.0,74,37.0,200.0,200,200
20,PN_KC_ONLY,True,False,9.951,5,15,-0.0,-0.0,1,-0.0,0.0,49,36,-13,False,False,22032,5.508,114,56.99999999999999,200.0,200,200
20,KC_EN_ONLY,False,True,9.951,5,15,15.199990272521973,-28.900012969970703,51,15.199990272521973,44.100003242492676,0,14,14,False,False,0,0.0,74,37.0,200.0,200,200
20,FULL,True,True,9.951,5,15,6.069984436035156,-4.885005950927734,59,6.5799994468688965,11.46500539779663,8,20,12,True,True,22032,5.508,114,56.99999999999999,200.0,200,200
21,NONE,False,False,9.9995,5,15,-0.0,-0.0,1,-0.0,0.0,49,36,-13,False,False,0,0.0,66,33.0,200.0,200,200
21,PN_KC_ONLY,True,False,9.9995,5,15,-0.0,-0.0,1,-0.0,0.0,49,36,-13,False,False,22096,5.524,137,68.5,200.0,200,200
21,KC_EN_ONLY,False,True,9.9995,5,15,16.799983978271484,-30.100006103515625,51,16.799983978271484,46.89999008178711,0,14,14,False,False,0,0.0,66,33.0,200.0,200,200
21,FULL,True,True,9.9995,5,15,6.464977741241455,-2.500014305114746,48,6.69498872756958,9.195003032684326,2,15,13,True,True,22096,5.524,137,68.5,200.0,200,200
22,NONE,False,False,9.9155,5,15,-0.0,-0.0,1,-0.0,0.0,49,36,-13,False,False,0,0.0,70,35.0,200.0,200,200
22,PN_KC_ONLY,True,False,9.9155,5,15,-0.0,-0.0,1,-0.0,0.0,49,36,-13,False,False,22510,5.6274999999999995,132,66.0,200.0,200,200
22,KC_EN_ONLY,False,True,9.9155,5,15,15.99998950958252,-29.50001335144043,51,15.99998950958252,45.50000286102295,0,14,14,False,False,0,0.0,70,35.0,200.0,200,200
22,FULL,True,True,9.9155,5,15,5.899977684020996,-2.310018539428711,54,6.40498161315918,8.71500015258789,3,13,10,True,True,22510,5.6274999999999995,132,66.0,200.0,200,200
23,NONE,False,False,9.9915,5,15,-0.0,-0.0,1,-0.0,0.0,49,36,-13,False,False,0,0.0,75,37.5,200.0,200,200
23,PN_KC_ONLY,True,False,9.9915,5,15,-0.0,-0.0,1,-0.0,0.0,49,36,-13,False,False,21512,5.378,118,59.0,200.0,200,200
23,KC_EN_ONLY,False,True,9.9915,5,15,14.999985694885254,-28.7500057220459,51,14.999985694885254,43.74999141693115,0,14,14,False,False,0,0.0,75,37.5,200.0,200,200
23,FULL,True,True,9.9915,5,15,5.684986114501953,-4.920010566711426,47,6.2149858474731445,11.13499641418457,3,15,12,True,True,21512,5.378,118,59.0,200.0,200,200
24,NONE,False,False,9.996,5,15,-0.0,-0.0,1,-0.0,0.0,49,36,-13,False,False,0,0.0,64,32.0,200.0,200,200
24,PN_KC_ONLY,True,False,9.996,5,15,-0.0,-0.0,1,-0.0,0.0,49,36,-13,False,False,22814,5.7035,140,70.0,200.0,200,200
24,KC_EN_ONLY,False,True,9.996,5,15,17.199989318847656,-30.400007247924805,51,17.199989318847656,47.59999656677246,0,14,14,False,False,0,0.0,64,32.0,200.0,200,200
24,FULL,True,True,9.996,5,15,7.554984092712402,-2.5150156021118164,52,7.824978828430176,10.339994430541992,1,15,14,True,True,22814,5.7035,140,70.0,200.0,200,200
25,NONE,False,False,10.0025,5,15,-0.0,-0.0,1,-0.0,0.0,49,36,-13,False,False,0,0.0,64,32.0,200.0,200,200
25,PN_KC_ONLY,True,False,10.0025,5,15,-0.0,-0.0,1,-0.0,0.0,49,36,-13,False,False,20742,5.1855,72,36.0,200.0,200,200
25,KC_EN_ONLY,False,True,10.0025,5,15,17.199974060058594,-30.400012969970703,51,17.199974060058594,47.5999870300293,0,14,14,False,False,0,0.0,64,32.0,200.0,200,200
25,FULL,True,True,10.0025,5,15,6.604971885681152,-1.5250110626220703,54,6.989975452423096,8.514986515045166,3,13,10,True,True,20742,5.1855,72,36.0,200.0,200,200
26,NONE,False,False,10.00225,5,15,-0.0,-0.0,1,-0.0,0.0,49,36,-13,False,False,0,0.0,76,38.0,200.0,200,200
26,PN_KC_ONLY,True,False,10.00225,5,15,-0.0,-0.0,1,-0.0,0.0,49,36,-13,False,False,21778,5.4445,67,33.5,200.0,200,200
26,KC_EN_ONLY,False,True,10.00225,5,15,14.799981117248535,-28.60000991821289,51,14.799981117248535,43.399991035461426,0,14,14,False,False,0,0.0,76,38.0,200.0,200,200
26,FULL,True,True,10.00225,5,15,6.784983158111572,-2.0100021362304688,50,7.12498664855957,9.134988784790039,1,15,14,True,True,21778,5.4445,67,33.5,200.0,200,200
27,NONE,False,False,9.98825,5,15,-0.0,-0.0,1,-0.0,0.0,49,36,-13,False,False,0,0.0,63,31.5,200.0,200,200
27,PN_KC_ONLY,True,False,9.98825,5,15,-0.0,-0.0,1,-0.0,0.0,49,36,-13,False,False,23196,5.799,142,71.0,200.0,200,200
27,KC_EN_ONLY,False,True,9.98825,5,15,17.399982452392578,-30.550003051757812,51,17.399982452392578,47.94998550415039,0,14,14,False,False,0,0.0,63,31.5,200.0,200,200
27,FULL,True,True,9.98825,5,15,6.894984245300293,-3.260011672973633,52,7.274989604949951,10.535001277923584,1,15,14,True,True,23196,5.799,142,71.0,200.0,200,200
28,NONE,False,False,9.9395,5,15,-0.0,-0.0,1,-0.0,0.0,49,36,-13,False,False,0,0.0,71,35.5,200.0,200,200
28,PN_KC_ONLY,True,False,9.9395,5,15,-0.0,-0.0,1,-0.0,0.0,49,36,-13,False,False,22012,5.503,109,54.50000000000001,200.0,200,200
28,KC_EN_ONLY,False,True,9.9395,5,15,15.799980163574219,-29.350011825561523,51,15.799980163574219,45.14999198913574,0,14,14,False,False,0,0.0,71,35.5,200.0,200,200
28,FULL,True,True,9.9395,5,15,7.634983062744141,-3.5100080966949463,45,8.169994354248047,11.680002450942993,5,17,12,True,True,22012,5.503,109,54.50000000000001,200.0,200,200
29,NONE,False,False,9.9195,5,15,-0.0,-0.0,1,-0.0,0.0,49,36,-13,False,False,0,0.0,63,31.5,200.0,200,200
29,PN_KC_ONLY,True,False,9.9195,5,15,-0.0,-0.0,1,-0.0,0.0,49,36,-13,False,False,21192,5.298,102,51.0,200.0,200,200
29,KC_EN_ONLY,False,True,9.9195,5,15,17.399982452392578,-30.550003051757812,51,17.399982452392578,47.94998550415039,0,14,14,False,False,0,0.0,63,31.5,200.0,200,200
29,FULL,True,True,9.9195,5,15,6.674981117248535,-1.9050121307373047,43,7.104997158050537,9.010009288787842,7,18,11,True,True,21192,5.298,102,51.0,200.0,200,200
30,NONE,False,False,9.9915,5,15,-0.0,-0.0,1,-0.0,0.0,49,36,-13,False,False,0,0.0,78,39.0,200.0,200,200
30,PN_KC_ONLY,True,False,9.9915,5,15,-0.0,-0.0,1,-0.0,0.0,49,36,-13,False,False,21728,5.432,141,70.5,200.0,200,200
30,KC_EN_ONLY,False,True,9.9915,5,15,14.399986267089844,-28.30001449584961,51,14.399986267089844,42.70000076293945,0,14,14,False,False,0,0.0,78,39.0,200.0,200,200
30,FULL,True,True,9.9915,5,15,5.84498405456543,-2.950010299682617,50,6.194982528686523,9.14499282836914,1,15,14,True,True,21728,5.432,141,70.5,200.0,200,200
31,NONE,False,False,9.97575,5,15,-0.0,-0.0,1,-0.0,0.0,49,36,-13,False,False,0,0.0,68,34.0,200.0,200,200
31,PN_KC_ONLY,True,False,9.97575,5,15,-0.0,-0.0,1,-0.0,0.0,49,36,-13,False,False,21798,5.4495000000000005,104,52.0,200.0,200,200
31,KC_EN_ONLY,False,True,9.97575,5,15,16.399988174438477,-29.800003051757812,51,16.399988174438477,46.19999122619629,0,14,14,False,False,0,0.0,68,34.0,200.0,200,200
31,FULL,True,True,9.97575,5,15,7.1849822998046875,-2.370004653930664,56,7.6649861335754395,10.034990787506104,5,17,12,True,True,21798,5.4495000000000005,104,52.0,200.0,200,200
32,NONE,False,False,9.98375,5,15,-0.0,-0.0,1,-0.0,0.0,49,36,-13,False,False,0,0.0,72,36.0,200.0,200,200
32,PN_KC_ONLY,True,False,9.98375,5,15,-0.0,-0.0,1,-0.0,0.0,49,36,-13,False,False,21654,5.4135,144,72.0,200.0,200,200
32,KC_EN_ONLY,False,True,9.98375,5,15,15.599981307983398,-29.20001220703125,51,15.599981307983398,44.79999351501465,0,14,14,False,False,0,0.0,72,36.0,200.0,200,200
32,FULL,True,True,9.98375,5,15,5.109982490539551,-4.520015716552734,59,5.919985771179199,10.440001487731934,8,20,12,True,True,21654,5.4135,144,72.0,200.0,200,200
33,NONE,False,False,10.0105,5,15,-0.0,-0.0,1,-0.0,0.0,49,36,-13,False,False,0,0.0,66,33.0,200.0,200,200
33,PN_KC_ONLY,True,False,10.0105,5,15,-0.0,-0.0,1,-0.0,0.0,49,36,-13,False,False,21526,5.3815,127,63.5,200.0,200,200
33,KC_EN_ONLY,False,True,10.0105,5,15,16.799983978271484,-30.10000228881836,51,16.799983978271484,46.899986267089844,0,14,14,False,False,0,0.0,66,33.0,200.0,200,200
33,FULL,True,True,10.0105,5,15,6.274986267089844,-2.8150081634521484,53,6.829991340637207,9.644999504089355,2,14,12,True,True,21526,5.3815,127,63.5,200.0,200,200
34,NONE,False,False,9.97475,5,15,-0.0,-0.0,1,-0.0,0.0,49,36,-13,False,False,0,0.0,70,35.0,200.0,200,200
34,PN_KC_ONLY,True,False,9.97475,5,15,-0.0,-0.0,1,-0.0,0.0,49,36,-13,False,False,22610,5.6525,139,69.5,200.0,200,200
34,KC_EN_ONLY,False,True,9.97475,5,15,15.999993324279785,-29.50000762939453,51,15.999993324279785,45.500000953674316,0,14,14,False,False,0,0.0,70,35.0,200.0,200,200
34,FULL,True,True,9.97475,5,15,5.574984550476074,-3.8300178050994873,59,5.869989395141602,9.700007200241089,8,20,12,True,True,22610,5.6525,139,69.5,200.0,200,200
35,NONE,False,False,10.056,5,15,-0.0,-0.0,1,-0.0,0.0,49,36,-13,False,False,0,0.0,71,35.5,200.0,200,200
35,PN_KC_ONLY,True,False,10.056,5,15,-0.0,-0.0,1,-0.0,0.0,49,36,-13,False,False,22470,5.617500000000001,107,53.5,200.0,200,200
35,KC_EN_ONLY,False,True,10.056,5,15,15.799980163574219,-29.350004196166992,51,15.799980163574219,45.14998435974121,0,14,14,False,False,0,0.0,71,35.5,200.0,200,200
35,FULL,True,True,10.056,5,15,7.9449849128723145,-5.215005874633789,47,8.579983711242676,13.794989585876465,3,15,12,True,True,22470,5.617500000000001,107,53.5,200.0,200,200
36,NONE,False,False,10.04475,5,15,-0.0,-0.0,1,-0.0,0.0,49,36,-13,False,False,0,0.0,73,36.5,200.0,200,200
36,PN_KC_ONLY,True,False,10.04475,5,15,-0.0,-0.0,1,-0.0,0.0,49,36,-13,False,False,23204,5.801,106,53.0,200.0,200,200
36,KC_EN_ONLY,False,True,10.04475,5,15,15.399985313415527,-29.050010681152344,51,15.399985313415527,44.44999599456787,0,14,14,False,False,0,0.0,73,36.5,200.0,200,200
36,FULL,True,True,10.04475,5,15,5.84498405456543,-6.470012664794922,59,6.169981956481934,12.639994621276855,8,20,12,True,True,23204,5.801,106,53.0,200.0,200,200
37,NONE,False,False,9.95625,5,15,-0.0,-0.0,1,-0.0,0.0,49,36,-13,False,False,0,0.0,72,36.0,200.0,200,200
37,PN_KC_ONLY,True,False,9.95625,5,15,-0.0,-0.0,1,-0.0,0.0,49,36,-13,False,False,22130,5.5325,120,60.0,200.0,200,200
37,KC_EN_ONLY,False,True,9.95625,5,15,15.599989891052246,-29.20001220703125,51,15.599989891052246,44.800002098083496,0,14,14,False,False,0,0.0,72,36.0,200.0,200,200
37,FULL,True,True,9.95625,5,15,6.509981155395508,-5.405001640319824,45,7.269992828369141,12.674994468688965,5,17,12,True,True,22130,5.5325,120,60.0,200.0,200,200
38,NONE,False,False,9.94875,5,15,-0.0,-0.0,1,-0.0,0.0,49,36,-13,False,False,0,0.0,76,38.0,200.0,200,200
38,PN_KC_ONLY,True,False,9.94875,5,15,-0.0,-0.0,1,-0.0,0.0,49,36,-13,False,False,21810,5.4525,117,58.5,200.0,200,200
38,KC_EN_ONLY,False,True,9.94875,5,15,14.799981117248535,-28.60001564025879,51,14.799981117248535,43.399996757507324,0,14,14,False,False,0,0.0,76,38.0,200.0,200,200
38,FULL,True,True,9.94875,5,15,5.809979438781738,-4.805002212524414,47,6.229987144470215,11.034989356994629,3,15,12,True,True,21810,5.4525,117,58.5,200.0,200,200
39,NONE,False,False,9.96575,5,15,-0.0,-0.0,1,-0.0,0.0,49,36,-13,False,False,0,0.0,78,39.0,200.0,200,200
39,PN_KC_ONLY,True,False,9.96575,5,15,-0.0,-0.0,1,-0.0,0.0,49,36,-13,False,False,21286,5.3214999999999995,95,47.5,200.0,200,200
39,KC_EN_ONLY,False,True,9.96575,5,15,14.399986267089844,-28.30000877380371,51,14.399986267089844,42.699995040893555,0,14,14,False,False,0,0.0,78,39.0,200.0,200,200
39,FULL,True,True,9.96575,5,15,5.974984169006348,-1.4300060272216797,57,6.429991722106934,7.859997749328613,6,14,8,True,True,21286,5.3214999999999995,95,47.5,200.0,200,200
40,NONE,False,False,9.96625,5,15,-0.0,-0.0,1,-0.0,0.0,49,36,-13,False,False,0,0.0,76,38.0,200.0,200,200
40,PN_KC_ONLY,True,False,9.96625,5,15,-0.0,-0.0,1,-0.0,0.0,49,36,-13,False,False,20884,5.221,101,50.5,200.0,200,200
40,KC_EN_ONLY,False,True,9.96625,5,15,14.799981117248535,-28.600008010864258,51,14.799981117248535,43.39998912811279,0,14,14,False,False,0,0.0,76,38.0,200.0,200,200
40,FULL,True,True,9.96625,5,15,5.1149797439575195,-3.750009536743164,46,5.709981918334961,9.459991455078125,4,13,9,True,True,20884,5.221,101,50.5,200.0,200,200
41,NONE,False,False,10.06425,5,15,-0.0,-0.0,1,-0.0,0.0,49,36,-13,False,False,0,0.0,66,33.0,200.0,200,200
41,PN_KC_ONLY,True,False,10.06425,5,15,-0.0,-0.0,1,-0.0,0.0,49,36,-13,False,False,22040,5.510000000000001,149,74.5,200.0,200,200
41,KC_EN_ONLY,False,True,10.06425,5,15,16.799989700317383,-30.10000228881836,51,16.799989700317383,46.89999198913574,0,14,14,False,False,0,0.0,66,33.0,200.0,200,200
41,FULL,True,True,10.06425,5,15,5.839982032775879,-2.2550153732299805,44,6.474981307983398,8.729996681213379,6,16,10,True,True,22040,5.510000000000001,149,74.5,200.0,200,200
42,NONE,False,False,9.95625,5,15,-0.0,-0.0,1,-0.0,0.0,49,36,-13,False,False,0,0.0,71,35.5,200.0,200,200
42,PN_KC_ONLY,True,False,9.95625,5,15,-0.0,-0.0,1,-0.0,0.0,49,36,-13,False,False,21550,5.3875,102,51.0,200.0,200,200
42,KC_EN_ONLY,False,True,9.95625,5,15,15.799980163574219,-29.350004196166992,51,15.799980163574219,45.14998435974121,0,14,14,False,False,0,0.0,71,35.5,200.0,200,200
42,FULL,True,True,9.95625,5,15,7.319984436035156,-0.9100151062011719,48,7.659987926483154,8.749989986419678,2,15,13,True,True,21550,5.3875,102,51.0,200.0,200,200
43,NONE,False,False,9.96875,5,15,-0.0,-0.0,1,-0.0,0.0,49,36,-13,False,False,0,0.0,78,39.0,200.0,200,200
43,PN_KC_ONLY,True,False,9.96875,5,15,-0.0,-0.0,1,-0.0,0.0,49,36,-13,False,False,21042,5.2604999999999995,90,45.0,200.0,200,200
43,KC_EN_ONLY,False,True,9.96875,5,15,14.39999008178711,-28.30001449584961,51,14.39999008178711,42.70000457763672,0,14,14,False,False,0,0.0,78,39.0,200.0,200,200
43,FULL,True,True,9.96875,5,15,7.3349809646606445,-1.7299939393997192,53,7.954988479614258,9.684982419013977,2,14,12,True,True,21042,5.2604999999999995,90,45.0,200.0,200,200
44,NONE,False,False,10.0025,5,15,-0.0,-0.0,1,-0.0,0.0,49,36,-13,False,False,0,0.0,73,36.5,200.0,200,200
44,PN_KC_ONLY,True,False,10.0025,5,15,-0.0,-0.0,1,-0.0,0.0,49,36,-13,False,False,21242,5.3105,107,53.5,200.0,200,200
44,KC_EN_ONLY,False,True,10.0025,5,15,15.399989128112793,-29.050006866455078,51,15.399989128112793,44.44999599456787,0,14,14,False,False,0,0.0,73,36.5,200.0,200,200
44,FULL,True,True,10.0025,5,15,7.229976177215576,-0.9450053572654724,45,7.98497200012207,8.929977357387543,5,17,12,True,True,21242,5.3105,107,53.5,200.0,200,200
45,NONE,False,False,9.987,5,15,-0.0,-0.0,1,-0.0,0.0,49,36,-13,False,False,0,0.0,77,38.5,200.0,200,200
45,PN_KC_ONLY,True,False,9.987,5,15,-0.0,-0.0,1,-0.0,0.0,49,36,-13,False,False,20740,5.185,136,68.0,200.0,200,200
45,KC_EN_ONLY,False,True,9.987,5,15,14.599982261657715,-28.45001792907715,51,14.599982261657715,43.05000019073486,0,14,14,False,False,0,0.0,77,38.5,200.0,200,200
45,FULL,True,True,9.987,5,15,5.069980621337891,-2.7500152587890625,40,5.799989700317383,8.550004959106445,10,17,7,True,True,20740,5.185,136,68.0,200.0,200,200
46,NONE,False,False,10.0085,5,15,-0.0,-0.0,1,-0.0,0.0,49,36,-13,False,False,0,0.0,73,36.5,200.0,200,200
46,PN_KC_ONLY,True,False,10.0085,5,15,-0.0,-0.0,1,-0.0,0.0,49,36,-13,False,False,22458,5.6145,143,71.5,200.0,200,200
46,KC_EN_ONLY,False,True,10.0085,5,15,15.399980545043945,-29.050010681152344,51,15.399980545043945,44.44999122619629,0,14,14,False,False,0,0.0,73,36.5,200.0,200,200
46,FULL,True,True,10.0085,5,15,6.394978046417236,-3.255014419555664,49,6.564979076385498,9.819993495941162,1,15,14,True,True,22458,5.6145,143,71.5,200.0,200,200
47,NONE,False,False,10.05825,5,15,-0.0,-0.0,1,-0.0,0.0,49,36,-13,False,False,0,0.0,73,36.5,200.0,200,200
47,PN_KC_ONLY,True,False,10.05825,5,15,-0.0,-0.0,1,-0.0,0.0,49,36,-13,False,False,22902,5.7255,136,68.0,200.0,200,200
47,KC_EN_ONLY,False,True,10.05825,5,15,15.399985313415527,-29.050006866455078,51,15.399985313415527,44.449992179870605,0,14,14,False,False,0,0.0,73,36.5,200.0,200,200
47,FULL,True,True,10.05825,5,15,6.209983825683594,-7.455015182495117,59,6.56498908996582,14.020004272460938,8,20,12,True,True,22902,5.7255,136,68.0,200.0,200,200
48,NONE,False,False,9.9795,5,15,-0.0,-0.0,1,-0.0,0.0,49,36,-13,False,False,0,0.0,61,30.5,200.0,200,200
48,PN_KC_ONLY,True,False,9.9795,5,15,-0.0,-0.0,1,-0.0,0.0,49,36,-13,False,False,21348,5.337,120,60.0,200.0,200,200
48,KC_EN_ONLY,False,True,9.9795,5,15,17.79999351501465,-30.850011825561523,51,17.79999351501465,48.65000534057617,0,14,14,False,False,0,0.0,61,30.5,200.0,200,200
48,FULL,True,True,9.9795,5,15,6.914982795715332,-1.5150070190429688,43,7.4199957847595215,8.93500280380249,7,18,11,True,True,21348,5.337,120,60.0,200.0,200,200
49,NONE,False,False,9.96075,5,15,-0.0,-0.0,1,-0.0,0.0,49,36,-13,False,False,0,0.0,66,33.0,200.0,200,200
49,PN_KC_ONLY,True,False,9.96075,5,15,-0.0,-0.0,1,-0.0,0.0,49,36,-13,False,False,21358,5.3395,93,46.5,200.0,200,200
49,KC_EN_ONLY,False,True,9.96075,5,15,16.79999351501465,-30.100011825561523,51,16.79999351501465,46.90000534057617,0,14,14,False,False,0,0.0,66,33.0,200.0,200,200
49,FULL,True,True,9.96075,5,15,6.9099860191345215,-0.9250069260597229,47,7.57997989654541,8.504986822605133,3,15,12,True,True,21358,5.3395,93,46.5,200.0,200,200
50,NONE,False,False,9.9725,5,15,-0.0,-0.0,1,-0.0,0.0,49,36,-13,False,False,0,0.0,74,37.0,200.0,200,200
50,PN_KC_ONLY,True,False,9.9725,5,15,-0.0,-0.0,1,-0.0,0.0,49,36,-13,False,False,21804,5.4510000000000005,152,76.0,200.0,200,200
50,KC_EN_ONLY,False,True,9.9725,5,15,15.199986457824707,-28.9000186920166,51,15.199986457824707,44.10000514984131,0,14,14,False,False,0,0.0,74,37.0,200.0,200,200
50,FULL,True,True,9.9725,5,15,5.3099822998046875,-3.8000106811523438,59,6.044974327087402,9.844985008239746,8,20,12,True,True,21804,5.4510000000000005,152,76.0,200.0,200,200
51,NONE,False,False,9.96325,5,15,-0.0,-0.0,1,-0.0,0.0,49,36,-13,False,False,0,0.0,62,31.0,200.0,200,200
51,PN_KC_ONLY,True,False,9.96325,5,15,-0.0,-0.0,1,-0.0,0.0,49,36,-13,False,False,21970,5.4925,89,44.5,200.0,200,200
51,KC_EN_ONLY,False,True,9.96325,5,15,17.599992752075195,-30.70000648498535,51,17.599992752075195,48.29999923706055,0,14,14,False,False,0,0.0,62,31.0,200.0,200,200
51,FULL,True,True,9.96325,5,15,7.53998327255249,-1.9050121307373047,54,7.929983139038086,9.83499526977539,3,13,10,True,True,21970,5.4925,89,44.5,200.0,200,200
52,NONE,False,False,9.93175,5,15,-0.0,-0.0,1,-0.0,0.0,49,36,-13,False,False,0,0.0,84,42.0,200.0,200,200
52,PN_KC_ONLY,True,False,9.93175,5,15,-0.0,-0.0,1,-0.0,0.0,49,36,-13,False,False,20948,5.237,118,59.0,200.0,200,200
52,KC_EN_ONLY,False,True,9.93175,5,15,13.199981689453125,-27.400001525878906,51,13.199981689453125,40.59998321533203,0,14,14,False,False,0,0.0,84,42.0,200.0,200,200
52,FULL,True,True,9.93175,5,15,4.924988746643066,-2.9050111770629883,55,6.094980239868164,8.999991416931152,4,16,12,True,True,20948,5.237,118,59.0,200.0,200,200
53,NONE,False,False,9.97075,5,15,-0.0,-0.0,1,-0.0,0.0,49,36,-13,False,False,0,0.0,77,38.5,200.0,200,200
53,PN_KC_ONLY,True,False,9.97075,5,15,-0.0,-0.0,1,-0.0,0.0,49,36,-13,False,False,20606,5.1514999999999995,104,52.0,200.0,200,200
53,KC_EN_ONLY,False,True,9.97075,5,15,14.599982261657715,-28.45001792907715,51,14.599982261657715,43.05000019073486,0,14,14,False,False,0,0.0,77,38.5,200.0,200,200
53,FULL,True,True,9.97075,5,15,4.919981956481934,-2.8550148010253906,44,6.4849853515625,9.34000015258789,6,16,10,True,True,20606,5.1514999999999995,104,52.0,200.0,200,200
54,NONE,False,False,9.94425,5,15,-0.0,-0.0,1,-0.0,0.0,49,36,-13,False,False,0,0.0,68,34.0,200.0,200,200
54,PN_KC_ONLY,True,False,9.94425,5,15,-0.0,-0.0,1,-0.0,0.0,49,36,-13,False,False,22856,5.714,144,72.0,200.0,200,200
54,KC_EN_ONLY,False,True,9.94425,5,15,16.39998435974121,-29.800018310546875,51,16.39998435974121,46.200002670288086,0,14,14,False,False,0,0.0,68,34.0,200.0,200,200
54,FULL,True,True,9.94425,5,15,7.224984645843506,-5.255012512207031,54,7.7249908447265625,12.980003356933594,3,13,10,True,True,22856,5.714,144,72.0,200.0,200,200
55,NONE,False,False,10.00075,5,15,-0.0,-0.0,1,-0.0,0.0,49,36,-13,False,False,0,0.0,76,38.0,200.0,200,200
55,PN_KC_ONLY,True,False,10.00075,5,15,-0.0,-0.0,1,-0.0,0.0,49,36,-13,False,False,21426,5.3565000000000005,123,61.5,200.0,200,200
55,KC_EN_ONLY,False,True,10.00075,5,15,14.799981117248535,-28.600008010864258,51,14.799981117248535,43.39998912811279,0,14,14,False,False,0,0.0,76,38.0,200.0,200,200
55,FULL,True,True,10.00075,5,15,6.369986534118652,-3.5000133514404297,53,6.934986114501953,10.434999465942383,2,14,12,True,True,21426,5.3565000000000005,123,61.5,200.0,200,200
56,NONE,False,False,10.00325,5,15,-0.0,-0.0,1,-0.0,0.0,49,36,-13,False,False,0,0.0,77,38.5,200.0,200,200
56,PN_KC_ONLY,True,False,10.00325,5,15,-0.0,-0.0,1,-0.0,0.0,49,36,-13,False,False,21868,5.4670000000000005,124,62.0,200.0,200,200
56,KC_EN_ONLY,False,True,10.00325,5,15,14.599995613098145,-28.45001220703125,51,14.599995613098145,43.050007820129395,0,14,14,False,False,0,0.0,77,38.5,200.0,200,200
56,FULL,True,True,10.00325,5,15,6.4849853515625,-2.9250192642211914,59,6.804986476898193,9.730005741119385,8,20,12,True,True,21868,5.4670000000000005,124,62.0,200.0,200,200
57,NONE,False,False,10.127,5,15,-0.0,-0.0,1,-0.0,0.0,49,36,-13,False,False,0,0.0,62,31.0,200.0,200,200
57,PN_KC_ONLY,True,False,10.127,5,15,-0.0,-0.0,1,-0.0,0.0,49,36,-13,False,False,22134,5.5335,100,50.0,200.0,200,200
57,KC_EN_ONLY,False,True,10.127,5,15,17.599987030029297,-30.70000648498535,51,17.599987030029297,48.29999351501465,0,14,14,False,False,0,0.0,62,31.0,200.0,200,200
57,FULL,True,True,10.127,5,15,7.379980564117432,-0.4800128638744354,50,7.509984970092773,8.269987106323242,1,15,14,True,True,22134,5.5335,100,50.0,200.0,200,200
58,NONE,False,False,10.03725,5,15,-0.0,-0.0,1,-0.0,0.0,49,36,-13,False,False,0,0.0,71,35.5,200.0,200,200
58,PN_KC_ONLY,True,False,10.03725,5,15,-0.0,-0.0,1,-0.0,0.0,49,36,-13,False,False,23056,5.763999999999999,134,67.0,200.0,200,200
58,KC_EN_ONLY,False,True,10.03725,5,15,15.799983978271484,-29.350011825561523,51,15.799983978271484,45.14999580383301,0,14,14,False,False,0,0.0,71,35.5,200.0,200,200
58,FULL,True,True,10.03725,5,15,7.549981594085693,-2.6450204849243164,53,7.909985065460205,10.555005550384521,2,14,12,True,True,23056,5.763999999999999,134,67.0,200.0,200,200
59,NONE,False,False,10.09625,5,15,-0.0,-0.0,1,-0.0,0.0,49,36,-13,False,False,0,0.0,75,37.5,200.0,200,200
59,PN_KC_ONLY,True,False,10.09625,5,15,-0.0,-0.0,1,-0.0,0.0,49,36,-13,False,False,22546,5.6365,147,73.5,200.0,200,200
59,KC_EN_ONLY,False,True,10.09625,5,15,14.999985694885254,-28.7500057220459,51,14.999985694885254,43.74999141693115,0,14,14,False,False,0,0.0,75,37.5,200.0,200,200
59,FULL,True,True,10.09625,5,15,6.219983100891113,-4.545011520385742,54,6.444983005523682,10.989994525909424,3,13,10,True,True,22546,5.6365,147,73.5,200.0,200,200
60,NONE,False,False,9.9935,5,15,-0.0,-0.0,1,-0.0,0.0,49,36,-13,False,False,0,0.0,75,37.5,200.0,200,200
60,PN_KC_ONLY,True,False,9.9935,5,15,-0.0,-0.0,1,-0.0,0.0,49,36,-13,False,False,21648,5.412,135,67.5,200.0,200,200
60,KC_EN_ONLY,False,True,9.9935,5,15,14.999985694885254,-28.7500057220459,51,14.999985694885254,43.74999141693115,0,14,14,False,False,0,0.0,75,37.5,200.0,200,200
60,FULL,True,True,9.9935,5,15,5.419983863830566,-4.285006523132324,53,5.914983749389648,10.199990272521973,2,14,12,True,True,21648,5.412,135,67.5,200.0,200,200
61,NONE,False,False,10.00525,5,15,-0.0,-0.0,1,-0.0,0.0,49,36,-13,False,False,0,0.0,73,36.5,200.0,200,200
61,PN_KC_ONLY,True,False,10.00525,5,15,-0.0,-0.0,1,-0.0,0.0,49,36,-13,False,False,21754,5.4385,150,75.0,200.0,200,200
61,KC_EN_ONLY,False,True,10.00525,5,15,15.399985313415527,-29.050006866455078,51,15.399985313415527,44.449992179870605,0,14,14,False,False,0,0.0,73,36.5,200.0,200,200
61,FULL,True,True,10.00525,5,15,4.929981231689453,-2.4950122833251953,56,5.904989242553711,8.400001525878906,5,17,12,True,True,21754,5.4385,150,75.0,200.0,200,200
62,NONE,False,False,9.988,5,15,-0.0,-0.0,1,-0.0,0.0,49,36,-13,False,False,0,0.0,71,35.5,200.0,200,200
62,PN_KC_ONLY,True,False,9.988,5,15,-0.0,-0.0,1,-0.0,0.0,49,36,-13,False,False,21626,5.4065,108,54.0,200.0,200,200
62,KC_EN_ONLY,False,True,9.988,5,15,15.799983978271484,-29.350017547607422,51,15.799983978271484,45.150001525878906,0,14,14,False,False,0,0.0,71,35.5,200.0,200,200
62,FULL,True,True,9.988,5,15,6.189980506896973,-2.9000091552734375,53,6.644992351531982,9.54500150680542,2,14,12,True,True,21626,5.4065,108,54.0,200.0,200,200
63,NONE,False,False,10.055,5,15,-0.0,-0.0,1,-0.0,0.0,49,36,-13,False,False,0,0.0,73,36.5,200.0,200,200
63,PN_KC_ONLY,True,False,10.055,5,15,-0.0,-0.0,1,-0.0,0.0,49,36,-13,False,False,22372,5.593,123,61.5,200.0,200,200
63,KC_EN_ONLY,False,True,10.055,5,15,15.399999618530273,-29.050006866455078,51,15.399999618530273,44.45000648498535,0,14,14,False,False,0,0.0,73,36.5,200.0,200,200
63,FULL,True,True,10.055,5,15,6.884984493255615,-4.05001163482666,45,7.259988784790039,11.3100004196167,5,17,12,True,True,22372,5.593,123,61.5,200.0,200,200
64,NONE,False,False,9.953,5,15,-0.0,-0.0,1,-0.0,0.0,49,36,-13,False,False,0,0.0,63,31.5,200.0,200,200
64,PN_KC_ONLY,True,False,9.953,5,15,-0.0,-0.0,1,-0.0,0.0,49,36,-13,False,False,23764,5.941,48,24.0,200.0,200,200
64,KC_EN_ONLY,False,True,9.953,5,15,17.399978637695312,-30.550003051757812,51,17.399978637695312,47.949981689453125,0,14,14,False,False,0,0.0,63,31.5,200.0,200,200
64,FULL,True,True,9.953,5,15,7.4699835777282715,-2.3850059509277344,45,8.084983825683594,10.469989776611328,5,17,12,True,True,23764,5.941,48,24.0,200.0,200,200
65,NONE,False,False,10.11025,5,15,-0.0,-0.0,1,-0.0,0.0,49,36,-13,False,False,0,0.0,67,33.5,200.0,200,200
65,PN_KC_ONLY,True,False,10.11025,5,15,-0.0,-0.0,1,-0.0,0.0,49,36,-13,False,False,22546,5.6365,135,67.5,200.0,200,200
65,KC_EN_ONLY,False,True,10.11025,5,15,16.599998474121094,-29.950014114379883,51,16.599998474121094,46.55001258850098,0,14,14,False,False,0,0.0,67,33.5,200.0,200,200
65,FULL,True,True,10.11025,5,15,6.069979667663574,-7.935013771057129,54,6.474991321563721,14.41000509262085,3,13,10,True,True,22546,5.6365,135,67.5,200.0,200,200
66,NONE,False,False,10.00725,5,15,-0.0,-0.0,1,-0.0,0.0,49,36,-13,False,False,0,0.0,75,37.5,200.0,200,200
66,PN_KC_ONLY,True,False,10.00725,5,15,-0.0,-0.0,1,-0.0,0.0,49,36,-13,False,False,21776,5.444,144,72.0,200.0,200,200
66,KC_EN_ONLY,False,True,10.00725,5,15,14.999985694885254,-28.75000762939453,51,14.999985694885254,43.749993324279785,0,14,14,False,False,0,0.0,75,37.5,200.0,200,200
66,FULL,True,True,10.00725,5,15,5.594973564147949,-3.2250118255615234,45,6.204981803894043,9.429993629455566,5,17,12,True,True,21776,5.444,144,72.0,200.0,200,200
67,NONE,False,False,9.86375,5,15,-0.0,-0.0,1,-0.0,0.0,49,36,-13,False,False,0,0.0,67,33.5,200.0,200,200
67,PN_KC_ONLY,True,False,9.86375,5,15,-0.0,-0.0,1,-0.0,0.0,49,36,-13,False,False,20742,5.1855,112,56.00000000000001,200.0,200,200
67,KC_EN_ONLY,False,True,9.86375,5,15,16.59998893737793,-29.950014114379883,51,16.59998893737793,46.55000305175781,0,14,14,False,False,0,0.0,67,33.5,200.0,200,200
67,FULL,True,True,9.86375,5,15,5.399980545043945,-2.005014419555664,57,5.959987640380859,7.965002059936523,6,14,8,True,True,20742,5.1855,112,56.00000000000001,200.0,200,200
68,NONE,False,False,10.00775,5,15,-0.0,-0.0,1,-0.0,0.0,49,36,-13,False,False,0,0.0,70,35.0,200.0,200,200
68,PN_KC_ONLY,True,False,10.00775,5,15,-0.0,-0.0,1,-0.0,0.0,49,36,-13,False,False,21818,5.4545,122,61.0,200.0,200,200
68,KC_EN_ONLY,False,True,10.00775,5,15,15.999984741210938,-29.50000762939453,51,15.999984741210938,45.49999237060547,0,14,14,False,False,0,0.0,70,35.0,200.0,200,200
68,FULL,True,True,10.00775,5,15,6.449985504150391,-3.6600112915039062,49,6.679983615875244,10.33999490737915,1,15,14,True,True,21818,5.4545,122,61.0,200.0,200,200
69,NONE,False,False,9.9815,5,15,-0.0,-0.0,1,-0.0,0.0,49,36,-13,False,False,0,0.0,63,31.5,200.0,200,200
69,PN_KC_ONLY,True,False,9.9815,5,15,-0.0,-0.0,1,-0.0,0.0,49,36,-13,False,False,22198,5.5495,145,72.5,200.0,200,200
69,KC_EN_ONLY,False,True,9.9815,5,15,17.399978637695312,-30.550012588500977,51,17.399978637695312,47.94999122619629,0,14,14,False,False,0,0.0,63,31.5,200.0,200,200
69,FULL,True,True,9.9815,5,15,6.379981517791748,-1.5250062942504883,53,6.704983711242676,8.229990005493164,2,14,12,True,True,22198,5.5495,145,72.5,200.0,200,200
70,NONE,False,False,10.00975,5,15,-0.0,-0.0,1,-0.0,0.0,49,36,-13,False,False,0,0.0,66,33.0,200.0,200,200
70,PN_KC_ONLY,True,False,10.00975,5,15,-0.0,-0.0,1,-0.0,0.0,49,36,-13,False,False,22996,5.749,146,73.0,200.0,200,200
70,KC_EN_ONLY,False,True,10.00975,5,15,16.799983978271484,-30.10000228881836,51,16.799983978271484,46.899986267089844,0,14,14,False,False,0,0.0,66,33.0,200.0,200,200
70,FULL,True,True,10.00975,5,15,7.129983425140381,-3.755016326904297,52,7.384977340698242,11.139993667602539,1,15,14,True,True,22996,5.749,146,73.0,200.0,200,200
71,NONE,False,False,9.93625,5,15,-0.0,-0.0,1,-0.0,0.0,49,36,-13,False,False,0,0.0,69,34.5,200.0,200,200
71,PN_KC_ONLY,True,False,9.93625,5,15,-0.0,-0.0,1,-0.0,0.0,49,36,-13,False,False,21546,5.386500000000001,97,48.5,200.0,200,200
71,KC_EN_ONLY,False,True,9.93625,5,15,16.19998550415039,-29.65000343322754,51,16.19998550415039,45.84998893737793,0,14,14,False,False,0,0.0,69,34.5,200.0,200,200
71,FULL,True,True,9.93625,5,15,6.674981117248535,-1.725006103515625,59,6.934996128082275,8.6600022315979,8,20,12,True,True,21546,5.386500000000001,97,48.5,200.0,200,200
72,NONE,False,False,10.08075,5,15,-0.0,-0.0,1,-0.0,0.0,49,36,-13,False,False,0,0.0,68,34.0,200.0,200,200
72,PN_KC_ONLY,True,False,10.08075,5,15,-0.0,-0.0,1,-0.0,0.0,49,36,-13,False,False,21892,5.473,130,65.0,200.0,200,200
72,KC_EN_ONLY,False,True,10.08075,5,15,16.399978637695312,-29.800016403198242,51,16.399978637695312,46.199995040893555,0,14,14,False,False,0,0.0,68,34.0,200.0,200,200
72,FULL,True,True,10.08075,5,15,6.854982852935791,-3.190006971359253,55,7.3699951171875,10.560002088546753,4,16,12,True,True,21892,5.473,130,65.0,200.0,200,200
73,NONE,False,False,9.948,5,15,-0.0,-0.0,1,-0.0,0.0,49,36,-13,False,False,0,0.0,71,35.5,200.0,200,200
73,PN_KC_ONLY,True,False,9.948,5,15,-0.0,-0.0,1,-0.0,0.0,49,36,-13,False,False,20708,5.177,125,62.5,200.0,200,200
73,KC_EN_ONLY,False,True,9.948,5,15,15.799983978271484,-29.350017547607422,51,15.799983978271484,45.150001525878906,0,14,14,False,False,0,0.0,71,35.5,200.0,200,200
73,FULL,True,True,9.948,5,15,3.634977340698242,-3.495015859603882,54,4.084978103637695,7.579993963241577,3,13,10,True,True,20708,5.177,125,62.5,200.0,200,200
74,NONE,False,False,10.04975,5,15,-0.0,-0.0,1,-0.0,0.0,49,36,-13,False,False,0,0.0,62,31.0,200.0,200,200
74,PN_KC_ONLY,True,False,10.04975,5,15,-0.0,-0.0,1,-0.0,0.0,49,36,-13,False,False,22292,5.573,112,56.00000000000001,200.0,200,200
74,KC_EN_ONLY,False,True,10.04975,5,15,17.59998321533203,-30.700010299682617,51,17.59998321533203,48.29999351501465,0,14,14,False,False,0,0.0,62,31.0,200.0,200,200
74,FULL,True,True,10.04975,5,15,7.859983444213867,-2.585010528564453,47,8.094987869262695,10.679998397827148,3,15,12,True,True,22292,5.573,112,56.00000000000001,200.0,200,200
75,NONE,False,False,10.03425,5,15,-0.0,-0.0,1,-0.0,0.0,49,36,-13,False,False,0,0.0,73,36.5,200.0,200,200
75,PN_KC_ONLY,True,False,10.03425,5,15,-0.0,-0.0,1,-0.0,0.0,49,36,-13,False,False,21848,5.462,131,65.5,200.0,200,200
75,KC_EN_ONLY,False,True,10.03425,5,15,15.399985313415527,-29.050006866455078,51,15.399985313415527,44.449992179870605,0,14,14,False,False,0,0.0,73,36.5,200.0,200,200
75,FULL,True,True,10.03425,5,15,6.239986419677734,-3.385009527206421,56,6.699986934661865,10.084996461868286,5,17,12,True,True,21848,5.462,131,65.5,200.0,200,200
76,NONE,False,False,10.0125,5,15,-0.0,-0.0,1,-0.0,0.0,49,36,-13,False,False,0,0.0,71,35.5,200.0,200,200
76,PN_KC_ONLY,True,False,10.0125,5,15,-0.0,-0.0,1,-0.0,0.0,49,36,-13,False,False,22342,5.585500000000001,137,68.5,200.0,200,200
76,KC_EN_ONLY,False,True,10.0125,5,15,15.799980163574219,-29.350011825561523,51,15.799980163574219,45.14999198913574,0,14,14,False,False,0,0.0,71,35.5,200.0,200,200
76,FULL,True,True,10.0125,5,15,5.499982833862305,-8.29000473022461,57,6.199994087219238,14.489998817443848,6,14,8,True,True,22342,5.585500000000001,137,68.5,200.0,200,200
77,NONE,False,False,10.01825,5,15,-0.0,-0.0,1,-0.0,0.0,49,36,-13,False,False,0,0.0,76,38.0,200.0,200,200
77,PN_KC_ONLY,True,False,10.01825,5,15,-0.0,-0.0,1,-0.0,0.0,49,36,-13,False,False,22908,5.727,126,63.0,200.0,200,200
77,KC_EN_ONLY,False,True,10.01825,5,15,14.799981117248535,-28.600008010864258,51,14.799981117248535,43.39998912811279,0,14,14,False,False,0,0.0,76,38.0,200.0,200,200
77,FULL,True,True,10.01825,5,15,5.944986343383789,-8.570013046264648,48,6.204986572265625,14.774999618530273,2,15,13,True,True,22908,5.727,126,63.0,200.0,200,200
78,NONE,False,False,9.937,5,15,-0.0,-0.0,1,-0.0,0.0,49,36,-13,False,False,0,0.0,79,39.5,200.0,200,200
78,PN_KC_ONLY,True,False,9.937,5,15,-0.0,-0.0,1,-0.0,0.0,49,36,-13,False,False,22298,5.5745000000000005,137,68.5,200.0,200,200
78,KC_EN_ONLY,False,True,9.937,5,15,14.199980735778809,-28.15000343322754,51,14.199980735778809,42.34998416900635,0,14,14,False,False,0,0.0,79,39.5,200.0,200,200
78,FULL,True,True,9.937,5,15,6.374979019165039,-2.825007438659668,56,6.909980773925781,9.73498821258545,5,17,12,True,True,22298,5.5745000000000005,137,68.5,200.0,200,200
79,NONE,False,False,10.02275,5,15,-0.0,-0.0,1,-0.0,0.0,49,36,-13,False,False,0,0.0,66,33.0,200.0,200,200
79,PN_KC_ONLY,True,False,10.02275,5,15,-0.0,-0.0,1,-0.0,0.0,49,36,-13,False,False,21662,5.4155,129,64.5,200.0,200,200
79,KC_EN_ONLY,False,True,10.02275,5,15,16.799989700317383,-30.10000228881836,51,16.799989700317383,46.89999198913574,0,14,14,False,False,0,0.0,66,33.0,200.0,200,200
79,FULL,True,True,10.02275,5,15,6.984987258911133,-1.2650012969970703,48,7.424983978271484,8.689985275268555,2,15,13,True,True,21662,5.4155,129,64.5,200.0,200,200
80,NONE,False,False,10.09425,5,15,-0.0,-0.0,1,-0.0,0.0,49,36,-13,False,False,0,0.0,75,37.5,200.0,200,200
80,PN_KC_ONLY,True,False,10.09425,5,15,-0.0,-0.0,1,-0.0,0.0,49,36,-13,False,False,22816,5.704,143,71.5,200.0,200,200
80,KC_EN_ONLY,False,True,10.09425,5,15,14.999985694885254,-28.75000762939453,51,14.999985694885254,43.749993324279785,0,14,14,False,False,0,0.0,75,37.5,200.0,200,200
80,FULL,True,True,10.09425,5,15,5.9999847412109375,-6.150012016296387,45,6.514992713928223,12.66500473022461,5,17,12,True,True,22816,5.704,143,71.5,200.0,200,200
81,NONE,False,False,9.9985,5,15,-0.0,-0.0,1,-0.0,0.0,49,36,-13,False,False,0,0.0,70,35.0,200.0,200,200
81,PN_KC_ONLY,True,False,9.9985,5,15,-0.0,-0.0,1,-0.0,0.0,49,36,-13,False,False,21490,5.3725000000000005,102,51.0,200.0,200,200
81,KC_EN_ONLY,False,True,9.9985,5,15,15.999984741210938,-29.50001335144043,51,15.999984741210938,45.49999809265137,0,14,14,False,False,0,0.0,70,35.0,200.0,200,200
81,FULL,True,True,9.9985,5,15,6.464986324310303,-1.8350028991699219,56,7.054986953735352,8.889989852905273,5,17,12,True,True,21490,5.3725000000000005,102,51.0,200.0,200,200
82,NONE,False,False,10.0035,5,15,-0.0,-0.0,1,-0.0,0.0,49,36,-13,False,False,0,0.0,80,40.0,200.0,200,200
82,PN_KC_ONLY,True,False,10.0035,5,15,-0.0,-0.0,1,-0.0,0.0,49,36,-13,False,False,21260,5.315,149,74.5,200.0,200,200
82,KC_EN_ONLY,False,True,10.0035,5,15,13.99998664855957,-28.00002098083496,51,13.99998664855957,42.00000762939453,0,14,14,False,False,0,0.0,80,40.0,200.0,200,200
82,FULL,True,True,10.0035,5,15,5.014982223510742,-2.070016860961914,58,5.744986534118652,7.815003395080566,7,17,10,True,True,21260,5.315,149,74.5,200.0,200,200
83,NONE,False,False,10.01225,5,15,-0.0,-0.0,1,-0.0,0.0,49,36,-13,False,False,0,0.0,63,31.5,200.0,200,200
83,PN_KC_ONLY,True,False,10.01225,5,15,-0.0,-0.0,1,-0.0,0.0,49,36,-13,False,False,22960,5.74,130,65.0,200.0,200,200
83,KC_EN_ONLY,False,True,10.01225,5,15,17.399982452392578,-30.55000877380371,51,17.399982452392578,47.94999122619629,0,14,14,False,False,0,0.0,63,31.5,200.0,200,200
83,FULL,True,True,10.01225,5,15,8.159980773925781,-3.0100250244140625,53,8.739986419677734,11.750011444091797,2,14,12,True,True,22960,5.74,130,65.0,200.0,200,200
84,NONE,False,False,10.06175,5,15,-0.0,-0.0,1,-0.0,0.0,49,36,-13,False,False,0,0.0,71,35.5,200.0,200,200
84,PN_KC_ONLY,True,False,10.06175,5,15,-0.0,-0.0,1,-0.0,0.0,49,36,-13,False,False,22368,5.592,135,67.5,200.0,200,200
84,KC_EN_ONLY,False,True,10.06175,5,15,15.799983978271484,-29.350004196166992,51,15.799983978271484,45.14998817443848,0,14,14,False,False,0,0.0,71,35.5,200.0,200,200
84,FULL,True,True,10.06175,5,15,5.434985160827637,-4.1300153732299805,44,6.044988632202148,10.175004005432129,6,16,10,True,True,22368,5.592,135,67.5,200.0,200,200
85,NONE,False,False,9.9885,5,15,-0.0,-0.0,1,-0.0,0.0,49,36,-13,False,False,0,0.0,68,34.0,200.0,200,200
85,PN_KC_ONLY,True,False,9.9885,5,15,-0.0,-0.0,1,-0.0,0.0,49,36,-13,False,False,22312,5.578,124,62.0,200.0,200,200
85,KC_EN_ONLY,False,True,9.9885,5,15,16.399988174438477,-29.800016403198242,51,16.399988174438477,46.20000457763672,0,14,14,False,False,0,0.0,68,34.0,200.0,200,200
85,FULL,True,True,9.9885,5,15,5.714983940124512,-9.360013008117676,47,6.284985542297363,15.644998550415039,3,15,12,True,True,22312,5.578,124,62.0,200.0,200,200
86,NONE,False,False,10.02525,5,15,-0.0,-0.0,1,-0.0,0.0,49,36,-13,False,False,0,0.0,71,35.5,200.0,200,200
86,PN_KC_ONLY,True,False,10.02525,5,15,-0.0,-0.0,1,-0.0,0.0,49,36,-13,False,False,21698,5.4245,126,63.0,200.0,200,200
86,KC_EN_ONLY,False,True,10.02525,5,15,15.799983978271484,-29.35000991821289,51,15.799983978271484,45.149993896484375,0,14,14,False,False,0,0.0,71,35.5,200.0,200,200
86,FULL,True,True,10.02525,5,15,6.274986267089844,-2.5150156021118164,53,6.50998592376709,9.025001525878906,2,14,12,True,True,21698,5.4245,126,63.0,200.0,200,200
87,NONE,False,False,9.9685,5,15,-0.0,-0.0,1,-0.0,0.0,49,36,-13,False,False,0,0.0,69,34.5,200.0,200,200
87,PN_KC_ONLY,True,False,9.9685,5,15,-0.0,-0.0,1,-0.0,0.0,49,36,-13,False,False,22176,5.5440000000000005,108,54.0,200.0,200,200
87,KC_EN_ONLY,False,True,9.9685,5,15,16.199979782104492,-29.650005340576172,51,16.199979782104492,45.849985122680664,0,14,14,False,False,0,0.0,69,34.5,200.0,200,200
87,FULL,True,True,9.9685,5,15,6.45998477935791,-3.7549972534179688,43,6.799993515014648,10.554990768432617,7,18,11,True,True,22176,5.5440000000000005,108,54.0,200.0,200,200
88,NONE,False,False,10.08175,5,15,-0.0,-0.0,1,-0.0,0.0,49,36,-13,False,False,0,0.0,63,31.5,200.0,200,200
88,PN_KC_ONLY,True,False,10.08175,5,15,-0.0,-0.0,1,-0.0,0.0,49,36,-13,False,False,22548,5.6370000000000005,137,68.5,200.0,200,200
88,KC_EN_ONLY,False,True,10.08175,5,15,17.399982452392578,-30.55000877380371,51,17.399982452392578,47.94999122619629,0,14,14,False,False,0,0.0,63,31.5,200.0,200,200
88,FULL,True,True,10.08175,5,15,7.174983024597168,-1.8900107145309448,45,7.729983329772949,9.619994044303894,5,17,12,True,True,22548,5.6370000000000005,137,68.5,200.0,200,200
89,NONE,False,False,10.0105,5,15,-0.0,-0.0,1,-0.0,0.0,49,36,-13,False,False,0,0.0,66,33.0,200.0,200,200
89,PN_KC_ONLY,True,False,10.0105,5,15,-0.0,-0.0,1,-0.0,0.0,49,36,-13,False,False,21226,5.3065,121,60.5,200.0,200,200
89,KC_EN_ONLY,False,True,10.0105,5,15,16.799989700317383,-30.10000228881836,51,16.799989700317383,46.89999198913574,0,14,14,False,False,0,0.0,66,33.0,200.0,200,200
89,FULL,True,True,10.0105,5,15,4.849977493286133,-5.195012092590332,47,5.429973602294922,10.624985694885254,3,15,12,True,True,21226,5.3065,121,60.5,200.0,200,200
90,NONE,False,False,9.9485,5,15,-0.0,-0.0,1,-0.0,0.0,49,36,-13,False,False,0,0.0,68,34.0,200.0,200,200
90,PN_KC_ONLY,True,False,9.9485,5,15,-0.0,-0.0,1,-0.0,0.0,49,36,-13,False,False,22400,5.6000000000000005,54,27.0,200.0,200,200
90,KC_EN_ONLY,False,True,9.9485,5,15,16.399988174438477,-29.800010681152344,51,16.399988174438477,46.19999885559082,0,14,14,False,False,0,0.0,68,34.0,200.0,200,200
90,FULL,True,True,9.9485,5,15,7.059983730316162,-2.0550155639648438,55,7.5999932289123535,9.655008792877197,4,16,12,True,True,22400,5.6000000000000005,54,27.0,200.0,200,200
91,NONE,False,False,10.04525,5,15,-0.0,-0.0,1,-0.0,0.0,49,36,-13,False,False,0,0.0,76,38.0,200.0,200,200
91,PN_KC_ONLY,True,False,10.04525,5,15,-0.0,-0.0,1,-0.0,0.0,49,36,-13,False,False,21978,5.4945,133,66.5,200.0,200,200
91,KC_EN_ONLY,False,True,10.04525,5,15,14.799981117248535,-28.600008010864258,51,14.799981117248535,43.39998912811279,0,14,14,False,False,0,0.0,76,38.0,200.0,200,200
91,FULL,True,True,10.04525,5,15,5.809979438781738,-3.555011749267578,55,6.444988250732422,10.0,4,16,12,True,True,21978,5.4945,133,66.5,200.0,200,200
92,NONE,False,False,9.97325,5,15,-0.0,-0.0,1,-0.0,0.0,49,36,-13,False,False,0,0.0,60,30.0,200.0,200,200
92,PN_KC_ONLY,True,False,9.97325,5,15,-0.0,-0.0,1,-0.0,0.0,49,36,-13,False,False,22718,5.6795,141,70.5,200.0,200,200
92,KC_EN_ONLY,False,True,9.97325,5,15,17.99998664855957,-31.000003814697266,51,17.99998664855957,48.999990463256836,0,14,14,False,False,0,0.0,60,30.0,200.0,200,200
92,FULL,True,True,9.97325,5,15,6.464982032775879,-1.3900089263916016,48,6.664987087249756,8.054996013641357,2,15,13,True,True,22718,5.6795,141,70.5,200.0,200,200
93,NONE,False,False,9.9895,5,15,-0.0,-0.0,1,-0.0,0.0,49,36,-13,False,False,0,0.0,64,32.0,200.0,200,200
93,PN_KC_ONLY,True,False,9.9895,5,15,-0.0,-0.0,1,-0.0,0.0,49,36,-13,False,False,20894,5.2235,74,37.0,200.0,200,200
93,KC_EN_ONLY,False,True,9.9895,5,15,17.199983596801758,-30.400012969970703,51,17.199983596801758,47.59999656677246,0,14,14,False,False,0,0.0,64,32.0,200.0,200,200
93,FULL,True,True,9.9895,5,15,6.614980697631836,-1.6950035095214844,48,7.149982452392578,8.844985961914062,2,15,13,True,True,20894,5.2235,74,37.0,200.0,200,200
94,NONE,False,False,10.0655,5,15,-0.0,-0.0,1,-0.0,0.0,49,36,-13,False,False,0,0.0,70,35.0,200.0,200,200
94,PN_KC_ONLY,True,False,10.0655,5,15,-0.0,-0.0,1,-0.0,0.0,49,36,-13,False,False,20950,5.2375,126,63.0,200.0,200,200
94,KC_EN_ONLY,False,True,10.0655,5,15,15.99998950958252,-29.50001335144043,51,15.99998950958252,45.50000286102295,0,14,14,False,False,0,0.0,70,35.0,200.0,200,200
94,FULL,True,True,10.0655,5,15,5.549979209899902,-4.050016403198242,45,6.2149810791015625,10.264997482299805,5,17,12,True,True,20950,5.2375,126,63.0,200.0,200,200
95,NONE,False,False,9.98025,5,15,-0.0,-0.0,1,-0.0,0.0,49,36,-13,False,False,0,0.0,68,34.0,200.0,200,200
95,PN_KC_ONLY,True,False,9.98025,5,15,-0.0,-0.0,1,-0.0,0.0,49,36,-13,False,False,21136,5.284,130,65.0,200.0,200,200
95,KC_EN_ONLY,False,True,9.98025,5,15,16.399988174438477,-29.800018310546875,51,16.399988174438477,46.20000648498535,0,14,14,False,False,0,0.0,68,34.0,200.0,200,200
95,FULL,True,True,9.98025,5,15,5.724983215332031,-0.9300137162208557,47,6.344981670379639,7.274995386600494,3,15,12,True,True,21136,5.284,130,65.0,200.0,200,200
96,NONE,False,False,9.93825,5,15,-0.0,-0.0,1,-0.0,0.0,49,36,-13,False,False,0,0.0,70,35.0,200.0,200,200
96,PN_KC_ONLY,True,False,9.93825,5,15,-0.0,-0.0,1,-0.0,0.0,49,36,-13,False,False,21908,5.477,127,63.5,200.0,200,200
96,KC_EN_ONLY,False,True,9.93825,5,15,15.99998950958252,-29.50001335144043,51,15.99998950958252,45.50000286102295,0,14,14,False,False,0,0.0,70,35.0,200.0,200,200
96,FULL,True,True,9.93825,5,15,6.569977283477783,-2.675008773803711,53,7.094979286193848,9.769988059997559,2,14,12,True,True,21908,5.477,127,63.5,200.0,200,200
97,NONE,False,False,10.03425,5,15,-0.0,-0.0,1,-0.0,0.0,49,36,-13,False,False,0,0.0,74,37.0,200.0,200,200
97,PN_KC_ONLY,True,False,10.03425,5,15,-0.0,-0.0,1,-0.0,0.0,49,36,-13,False,False,20920,5.2299999999999995,91,45.5,200.0,200,200
97,KC_EN_ONLY,False,True,10.03425,5,15,15.199986457824707,-28.9000186920166,51,15.199986457824707,44.10000514984131,0,14,14,False,False,0,0.0,74,37.0,200.0,200,200
97,FULL,True,True,10.03425,5,15,5.699977874755859,-3.0500030517578125,58,6.3249921798706055,9.374995231628418,7,17,10,True,True,20920,5.2299999999999995,91,45.5,200.0,200,200
98,NONE,False,False,10.0465,5,15,-0.0,-0.0,1,-0.0,0.0,49,36,-13,False,False,0,0.0,70,35.0,200.0,200,200
98,PN_KC_ONLY,True,False,10.0465,5,15,-0.0,-0.0,1,-0.0,0.0,49,36,-13,False,False,22340,5.585,134,67.0,200.0,200,200
98,KC_EN_ONLY,False,True,10.0465,5,15,15.99998950958252,-29.50000762939453,51,15.99998950958252,45.49999713897705,0,14,14,False,False,0,0.0,70,35.0,200.0,200,200
98,FULL,True,True,10.0465,5,15,6.584987640380859,-2.180013656616211,48,7.079982757568359,9.25999641418457,2,15,13,True,True,22340,5.585,134,67.0,200.0,200,200
99,NONE,False,False,9.95675,5,15,-0.0,-0.0,1,-0.0,0.0,49,36,-13,False,False,0,0.0,69,34.5,200.0,200,200
99,PN_KC_ONLY,True,False,9.95675,5,15,-0.0,-0.0,1,-0.0,0.0,49,36,-13,False,False,21526,5.3815,146,73.0,200.0,200,200
99,KC_EN_ONLY,False,True,9.95675,5,15,16.199993133544922,-29.65000343322754,51,16.199993133544922,45.84999656677246,0,14,14,False,False,0,0.0,69,34.5,200.0,200,200
99,FULL,True,True,9.95675,5,15,5.049991607666016,-3.7000081539154053,45,5.709986686706543,9.409994840621948,5,17,12,True,True,21526,5.3815,146,73.0,200.0,200,200
100,NONE,False,False,10.05025,5,15,-0.0,-0.0,1,-0.0,0.0,49,36,-13,False,False,0,0.0,79,39.5,200.0,200,200
100,PN_KC_ONLY,True,False,10.05025,5,15,-0.0,-0.0,1,-0.0,0.0,49,36,-13,False,False,21116,5.279,119,59.5,200.0,200,200
100,KC_EN_ONLY,False,True,10.05025,5,15,14.199980735778809,-28.15000343322754,51,14.199980735778809,42.34998416900635,0,14,14,False,False,0,0.0,79,39.5,200.0,200,200
100,FULL,True,True,10.05025,5,15,5.2349853515625,-3.6700057983398438,47,5.7849836349487305,9.454989433288574,3,15,12,True,True,21116,5.279,119,59.5,200.0,200,200
