stimulus,active_PNs,hamming_plus,formula_plus_50_minus_overlap,hamming_minus,formula_minus_50_minus_overlap,FP_plus,FN_plus,FP_minus,FN_minus,plus_difference,minus_difference
1,50,98,49,72,36,49,49,36,36,49,36
2,50,96,48,70,35,48,48,35,35,48,35
3,50,94,47,70,35,47,47,35,35,47,35
4,50,92,46,70,35,46,46,35,35,46,35
5,50,90,45,74,37,45,45,37,37,45,37
6,50,88,44,62,31,44,44,31,31,44,31
7,50,86,43,62,31,43,43,31,31,43,31
8,50,84,42,64,32,42,42,32,32,42,32
9,50,82,41,70,35,41,41,35,35,41,35
10,50,80,40,64,32,40,40,32,32,40,32
11,50,78,39,62,31,39,39,31,31,39,31
12,50,76,38,68,34,38,38,34,34,38,34
13,50,74,37,54,27,37,37,27,27,37,27
14,50,72,36,64,32,36,36,32,32,36,32
15,50,70,35,64,32,35,35,32,32,35,32
16,50,68,34,62,31,34,34,31,31,34,31
17,50,66,33,62,31,33,33,31,31,33,31
18,50,64,32,58,29,32,32,29,29,32,29
19,50,62,31,54,27,31,31,27,27,31,27
20,50,60,30,52,26,30,30,26,26,30,26
21,50,58,29,46,23,29,29,23,23,29,23
22,50,56,28,54,27,28,28,27,27,28,27
23,50,54,27,50,25,27,27,25,25,27,25
24,50,52,26,38,19,26,26,19,19,26,19
25,50,50,25,56,28,25,25,28,28,25,28
26,50,48,24,42,21,24,24,21,21,24,21
27,50,46,23,56,28,23,23,28,28,23,28
28,50,44,22,48,24,22,22,24,24,22,24
29,50,42,21,44,22,21,21,22,22,21,22
30,50,40,20,42,21,20,20,21,21,20,21
31,50,38,19,46,23,19,19,23,23,19,23
32,50,36,18,46,23,18,18,23,23,18,23
33,50,34,17,40,20,17,17,20,20,17,20
34,50,32,16,38,19,16,16,19,19,16,19
35,50,30,15,46,23,15,15,23,23,15,23
36,50,28,14,50,25,14,14,25,25,14,25
37,50,26,13,44,22,13,13,22,22,13,22
38,50,24,12,38,19,12,12,19,19,12,19
39,50,22,11,32,16,11,11,16,16,11,16
40,50,20,10,34,17,10,10,17,17,10,17
41,50,18,9,32,16,9,9,16,16,9,16
42,50,16,8,34,17,8,8,17,17,8,17
43,50,14,7,36,18,7,7,18,18,7,18
44,50,12,6,32,16,6,6,16,16,6,16
45,50,10,5,34,17,5,5,17,17,5,17
46,50,8,4,26,13,4,4,13,13,4,13
47,50,6,3,30,15,3,3,15,15,3,15
48,50,4,2,30,15,2,2,15,15,2,15
49,50,2,1,30,15,1,1,15,15,1,15
50,50,2,1,30,15,1,1,15,15,1,15
51,50,0,0,28,14,0,0,14,14,0,14
52,50,2,1,30,15,1,1,15,15,1,15
53,50,4,2,28,14,2,2,14,14,2,14
54,50,6,3,26,13,3,3,13,13,3,13
55,50,8,4,32,16,4,4,16,16,4,16
56,50,10,5,34,17,5,5,17,17,5,17
57,50,12,6,28,14,6,6,14,14,6,14
58,50,14,7,34,17,7,7,17,17,7,17
59,50,16,8,40,20,8,8,20,20,8,20
60,50,18,9,36,18,9,9,18,18,9,18
61,50,20,10,34,17,10,10,17,17,10,17
62,50,22,11,32,16,11,11,16,16,11,16
63,50,24,12,40,20,12,12,20,20,12,20
64,50,26,13,40,20,13,13,20,20,13,20
65,50,28,14,0,0,14,14,0,0,14,0
66,50,30,15,38,19,15,15,19,19,15,19
67,50,32,16,44,22,16,16,22,22,16,22
68,50,34,17,42,21,17,17,21,21,17,21
69,50,36,18,48,24,18,18,24,24,18,24
70,50,38,19,42,21,19,19,21,21,19,21
71,50,40,20,40,20,20,20,20,20,20,20
72,50,42,21,40,20,21,21,20,20,21,20
73,50,44,22,40,20,22,22,20,20,22,20
74,50,46,23,46,23,23,23,23,23,23,23
75,50,48,24,42,21,24,24,21,21,24,21
76,50,50,25,50,25,25,25,25,25,25,25
77,50,52,26,50,25,26,26,25,25,26,25
78,50,54,27,60,30,27,27,30,30,27,30
79,50,56,28,52,26,28,28,26,26,28,26
80,50,58,29,56,28,29,29,28,28,29,28
81,50,60,30,48,24,30,30,24,24,30,24
82,50,62,31,54,27,31,31,27,27,31,27
83,50,64,32,52,26,32,32,26,26,32,26
84,50,66,33,58,29,33,33,29,29,33,29
85,50,68,34,60,30,34,34,30,30,34,30
86,50,70,35,64,32,35,35,32,32,35,32
87,50,72,36,56,28,36,36,28,28,36,28
88,50,74,37,66,33,37,37,33,33,37,33
89,50,76,38,64,32,38,38,32,32,38,32
90,50,78,39,62,31,39,39,31,31,39,31
91,50,80,40,62,31,40,40,31,31,40,31
92,50,82,41,66,33,41,41,33,33,41,33
93,50,84,42,62,31,42,42,31,31,42,31
94,50,86,43,62,31,43,43,31,31,43,31
95,50,88,44,70,35,44,44,35,35,44,35
96,50,90,45,68,34,45,45,34,34,45,34
97,50,92,46,68,34,46,46,34,34,46,34
98,50,94,47,72,36,47,47,36,36,47,36
99,50,96,48,68,34,48,48,34,34,48,34
100,50,98,49,72,36,49,49,36,36,49,36
