stimulus_index,distance_from_CS_plus,distance_from_CS_minus,closer_to_CS_plus,closer_to_CS_minus,equal_distance,is_CS_plus,is_CS_minus,strict_geometric_candidate
1,98,72,False,True,False,False,False,False
2,96,70,False,True,False,False,False,False
3,94,70,False,True,False,False,False,False
4,92,70,False,True,False,False,False,False
5,90,74,False,True,False,False,False,False
6,88,62,False,True,False,False,False,False
7,86,62,False,True,False,False,False,False
8,84,64,False,True,False,False,False,False
9,82,70,False,True,False,False,False,False
10,80,64,False,True,False,False,False,False
11,78,62,False,True,False,False,False,False
12,76,68,False,True,False,False,False,False
13,74,54,False,True,False,False,False,False
14,72,64,False,True,False,False,False,False
15,70,64,False,True,False,False,False,False
16,68,62,False,True,False,False,False,False
17,66,62,False,True,False,False,False,False
18,64,58,False,True,False,False,False,False
19,62,54,False,True,False,False,False,False
20,60,52,False,True,False,False,False,False
21,58,46,False,True,False,False,False,False
22,56,54,False,True,False,False,False,False
23,54,50,False,True,False,False,False,False
24,52,38,False,True,False,False,False,False
25,50,56,True,False,False,False,False,True
26,48,42,False,True,False,False,False,False
27,46,56,True,False,False,False,False,True
28,44,48,True,False,False,False,False,True
29,42,44,True,False,False,False,False,True
30,40,42,True,False,False,False,False,True
31,38,46,True,False,False,False,False,True
32,36,46,True,False,False,False,False,True
33,34,40,True,False,False,False,False,True
34,32,38,True,False,False,False,False,True
35,30,46,True,False,False,False,False,True
36,28,50,True,False,False,False,False,True
37,26,44,True,False,False,False,False,True
38,24,38,True,False,False,False,False,True
39,22,32,True,False,False,False,False,True
40,20,34,True,False,False,False,False,True
41,18,32,True,False,False,False,False,True
42,16,34,True,False,False,False,False,True
43,14,36,True,False,False,False,False,True
44,12,32,True,False,False,False,False,True
45,10,34,True,False,False,False,False,True
46,8,26,True,False,False,False,False,True
47,6,30,True,False,False,False,False,True
48,4,30,True,False,False,False,False,True
49,2,30,True,False,False,False,False,True
50,2,30,True,False,False,False,False,True
51,0,28,True,False,False,True,False,False
52,2,30,True,False,False,False,False,True
53,4,28,True,False,False,False,False,True
54,6,26,True,False,False,False,False,True
55,8,32,True,False,False,False,False,True
56,10,34,True,False,False,False,False,True
57,12,28,True,False,False,False,False,True
58,14,34,True,False,False,False,False,True
59,16,40,True,False,False,False,False,True
60,18,36,True,False,False,False,False,True
61,20,34,True,False,False,False,False,True
62,22,32,True,False,False,False,False,True
63,24,40,True,False,False,False,False,True
64,26,40,True,False,False,False,False,True
65,28,0,False,True,False,False,True,False
66,30,38,True,False,False,False,False,True
67,32,44,True,False,False,False,False,True
68,34,42,True,False,False,False,False,True
69,36,48,True,False,False,False,False,True
70,38,42,True,False,False,False,False,True
71,40,40,False,False,True,False,False,False
72,42,40,False,True,False,False,False,False
73,44,40,False,True,False,False,False,False
74,46,46,False,False,True,False,False,False
75,48,42,False,True,False,False,False,False
76,50,50,False,False,True,False,False,False
77,52,50,False,True,False,False,False,False
78,54,60,True,False,False,False,False,True
79,56,52,False,True,False,False,False,False
80,58,56,False,True,False,False,False,False
81,60,48,False,True,False,False,False,False
82,62,54,False,True,False,False,False,False
83,64,52,False,True,False,False,False,False
84,66,58,False,True,False,False,False,False
85,68,60,False,True,False,False,False,False
86,70,64,False,True,False,False,False,False
87,72,56,False,True,False,False,False,False
88,74,66,False,True,False,False,False,False
89,76,64,False,True,False,False,False,False
90,78,62,False,True,False,False,False,False
91,80,62,False,True,False,False,False,False
92,82,66,False,True,False,False,False,False
93,84,62,False,True,False,False,False,False
94,86,62,False,True,False,False,False,False
95,88,70,False,True,False,False,False,False
96,90,68,False,True,False,False,False,False
97,92,68,False,True,False,False,False,False
98,94,72,False,True,False,False,False,False
99,96,68,False,True,False,False,False,False
100,98,72,False,True,False,False,False,False
