condition,network,csplus_EPLUS_delta,csplus_EMINUS_delta,csminus_EPLUS_delta,csminus_EMINUS_delta,csplus_KCEN_drive,csminus_KCEN_drive,selective_KCEN_discrimination,global_EPLUS_delta,global_EMINUS_delta,global_KCEN_drive,CSplus_CSminus_overlap,CSplus_representation_turnover,CSminus_representation_turnover,CSplus_KCEN_heterogeneity,CSminus_KCEN_heterogeneity,CSplus_active_count,CSminus_active_count
DROSOPHILA_TRANSFER__BEE,0,-0.05999996,-0.036400005,-0.027299985,-0.08000002,-0.023599956,0.052700035,-0.076299995,-0.0029999986,-0.004000001,0.0010000025,0.455,0.0,0.21499999999999997,0.039837677,7.450581e-09,200,200
DROSOPHILA_TRANSFER__BEE,1,-0.05999996,-0.036000006,-0.026999988,-0.08000002,-0.023999956,0.053000033,-0.07699999,-0.0029999986,-0.004000001,0.0010000025,0.45,0.0,0.19999999999999996,0.039799504,7.450581e-09,200,200
DROSOPHILA_TRANSFER__BEE,2,-0.05999996,-0.03640001,-0.027299989,-0.08000002,-0.023599952,0.05270003,-0.07629998,-0.0029999986,-0.0040000007,0.001000002,0.455,0.0,0.25,0.039837677,7.450581e-09,200,200
DROSOPHILA_TRANSFER__BEE,3,-0.05999996,-0.038800005,-0.02909999,-0.08000002,-0.021199957,0.05090003,-0.07209998,-0.0029999986,-0.004000001,0.0010000025,0.485,0.0,0.22999999999999998,0.039982002,7.450581e-09,200,200
DROSOPHILA_TRANSFER__BEE,4,-0.05999996,-0.04040001,-0.030299988,-0.08000002,-0.019599952,0.049700033,-0.06929998,-0.0029999986,-0.004000001,0.0010000025,0.505,0.0,0.27,0.039998006,7.450581e-09,200,200
DROSOPHILA_TRANSFER__BEE,5,-0.05999996,-0.03600001,-0.026999988,-0.08000002,-0.023999952,0.053000033,-0.076999985,-0.0029999986,-0.004000001,0.0010000025,0.45,0.0,0.21999999999999997,0.0397995,7.450581e-09,200,200
DROSOPHILA_TRANSFER__BEE,6,-0.05999996,-0.04000001,-0.029999986,-0.08000002,-0.019999951,0.050000034,-0.069999985,-0.0029999989,-0.0040000007,0.0010000018,0.5,0.0,0.29500000000000004,0.040000007,7.450581e-09,200,200
DROSOPHILA_TRANSFER__BEE,7,-0.05999996,-0.035200004,-0.026399989,-0.08000002,-0.024799958,0.053600032,-0.078399986,-0.0029999986,-0.0040000007,0.001000002,0.44,0.0,0.21499999999999997,0.03971096,7.450581e-09,200,200
DROSOPHILA_TRANSFER__BEE,8,-0.05999996,-0.032400005,-0.024299989,-0.08000002,-0.027599957,0.055700034,-0.083299994,-0.0029999986,-0.004000001,0.0010000025,0.405,0.0,0.21499999999999997,0.03927137,7.450581e-09,200,200
DROSOPHILA_TRANSFER__BEE,9,-0.05999996,-0.035200004,-0.026399989,-0.08000002,-0.024799958,0.053600032,-0.078399986,-0.0029999986,-0.004000001,0.0010000025,0.44,0.0,0.255,0.03971096,7.450581e-09,200,200
DROSOPHILA_TRANSFER__BEE,10,-0.05999996,-0.034400005,-0.025799988,-0.08000002,-0.025599957,0.05420003,-0.07979999,-0.0029999986,-0.004000001,0.0010000025,0.43,0.0,0.21499999999999997,0.039606065,7.450581e-09,200,200
DROSOPHILA_TRANSFER__BEE,11,-0.05999996,-0.033200007,-0.024899988,-0.08000002,-0.026799954,0.05510003,-0.081899986,-0.0029999986,-0.004000001,0.0010000025,0.415,0.0,0.22999999999999998,0.03941777,7.450581e-09,200,200
DROSOPHILA_TRANSFER__BEE,12,-0.05999996,-0.035600003,-0.026699988,-0.08000002,-0.024399959,0.05330003,-0.07769999,-0.0029999986,-0.004000001,0.0010000025,0.445,0.0,0.245,0.03975727,7.450581e-09,200,200
DROSOPHILA_TRANSFER__BEE,13,-0.05999996,-0.04000001,-0.029999986,-0.08000002,-0.019999951,0.050000034,-0.069999985,-0.0029999986,-0.004000001,0.0010000025,0.5,0.0,0.29500000000000004,0.040000007,7.450581e-09,200,200
DROSOPHILA_TRANSFER__BEE,14,-0.05999996,-0.038000006,-0.028499987,-0.08000002,-0.021999955,0.051500034,-0.07349999,-0.0029999986,-0.0040000007,0.001000002,0.475,0.0,0.265,0.039949976,7.450581e-09,200,200
DROSOPHILA_TRANSFER__BEE,15,-0.05999996,-0.03640001,-0.027299985,-0.08000002,-0.023599952,0.052700035,-0.07629999,-0.0029999986,-0.0040000007,0.001000002,0.455,0.0,0.30000000000000004,0.039837677,7.450581e-09,200,200
DROSOPHILA_TRANSFER__BEE,16,-0.05999996,-0.038800005,-0.029099986,-0.08000002,-0.021199957,0.050900035,-0.07209999,-0.0029999986,-0.004000001,0.0010000025,0.485,0.0,0.28500000000000003,0.039982002,7.450581e-09,200,200
DROSOPHILA_TRANSFER__BEE,17,-0.05999996,-0.037200008,-0.027899986,-0.08000002,-0.022799954,0.052100033,-0.07489999,-0.0029999986,-0.004000001,0.0010000025,0.465,0.0,0.21999999999999997,0.03990189,7.450581e-09,200,200
DROSOPHILA_TRANSFER__BEE,18,-0.05999996,-0.041600008,-0.031199984,-0.08000002,-0.018399954,0.048800036,-0.06719999,-0.0029999986,-0.004000001,0.0010000025,0.52,0.0,0.275,0.039967995,7.450581e-09,200,200
DROSOPHILA_TRANSFER__BEE,19,-0.05999996,-0.038800005,-0.029099986,-0.08000002,-0.021199957,0.050900035,-0.07209999,-0.0029999986,-0.0040000007,0.001000002,0.485,0.0,0.255,0.039982002,7.450581e-09,200,200
DROSOPHILA_TRANSFER__BEE,20,-0.05999996,-0.038400006,-0.028799986,-0.08000002,-0.021599956,0.051200032,-0.07279999,-0.0029999986,-0.004000001,0.0010000025,0.48,0.0,0.30000000000000004,0.039967995,7.450581e-09,200,200
DROSOPHILA_TRANSFER__BEE,21,-0.05999996,-0.037600007,-0.028199987,-0.08000002,-0.022399954,0.051800035,-0.07419999,-0.0029999986,-0.0040000007,0.001000002,0.47,0.0,0.245,0.03992794,7.450581e-09,200,200
DROSOPHILA_TRANSFER__BEE,22,-0.05999996,-0.042400006,-0.031799987,-0.08000002,-0.017599955,0.048200034,-0.06579999,-0.0029999986,-0.004000001,0.0010000025,0.53,0.0,0.32999999999999996,0.03992794,7.450581e-09,200,200
DROSOPHILA_TRANSFER__BEE,23,-0.05999996,-0.035200004,-0.026399989,-0.08000002,-0.024799958,0.053600032,-0.078399986,-0.0029999986,-0.004000001,0.0010000025,0.44,0.0,0.245,0.039710965,7.450581e-09,200,200
DROSOPHILA_TRANSFER__BEE,24,-0.05999996,-0.037600007,-0.028199987,-0.08000002,-0.022399954,0.051800035,-0.07419999,-0.0029999986,-0.004000001,0.0010000025,0.47,0.0,0.28,0.03992794,7.450581e-09,200,200
DROSOPHILA_TRANSFER__BEE,25,-0.05999996,-0.03640001,-0.027299989,-0.08000002,-0.023599952,0.05270003,-0.07629998,-0.0029999986,-0.004000001,0.0010000025,0.455,0.0,0.26,0.039837677,7.450581e-09,200,200
DROSOPHILA_TRANSFER__BEE,26,-0.05999996,-0.034400005,-0.02579999,-0.08000002,-0.025599957,0.05420003,-0.07979999,-0.0029999986,-0.004000001,0.0010000025,0.43,0.0,0.29500000000000004,0.039606065,7.450581e-09,200,200
DROSOPHILA_TRANSFER__BEE,27,-0.05999996,-0.036000006,-0.026999988,-0.08000002,-0.023999956,0.053000033,-0.07699999,-0.0029999986,-0.0040000007,0.001000002,0.45,0.0,0.26,0.039799504,7.450581e-09,200,200
DROSOPHILA_TRANSFER__BEE,28,-0.05999996,-0.033600006,-0.025199987,-0.08000002,-0.026399955,0.054800034,-0.08119999,-0.0029999986,-0.004000001,0.0010000025,0.42,0.0,0.21999999999999997,0.039484687,7.450581e-09,200,200
DROSOPHILA_TRANSFER__BEE,29,-0.05999996,-0.03680001,-0.027599989,-0.08000002,-0.023199953,0.05240003,-0.07559998,-0.0029999986,-0.0040000007,0.001000002,0.46,0.0,0.29500000000000004,0.0398718,7.450581e-09,200,200
DROSOPHILA_TRANSFER__BEE,30,-0.05999996,-0.038000006,-0.028499987,-0.08000002,-0.021999955,0.051500034,-0.07349999,-0.0029999986,-0.004000001,0.0010000025,0.475,0.0,0.245,0.039949976,7.450581e-09,200,200
DROSOPHILA_TRANSFER__BEE,31,-0.05999996,-0.039600004,-0.029699987,-0.08000002,-0.020399958,0.050300032,-0.07069999,-0.0029999986,-0.0040000007,0.001000002,0.495,0.0,0.30000000000000004,0.039998006,7.450581e-09,200,200
DROSOPHILA_TRANSFER__BEE,32,-0.05999996,-0.044000007,-0.03299998,-0.08000002,-0.015999954,0.04700004,-0.06299999,-0.0029999986,-0.0040000007,0.001000002,0.55,0.0,0.28500000000000003,0.039799504,7.450581e-09,200,200
DROSOPHILA_TRANSFER__BEE,33,-0.05999996,-0.032000005,-0.023999989,-0.08000002,-0.027999956,0.05600003,-0.08399999,-0.0029999986,-0.004000001,0.0010000025,0.4,0.0,0.20499999999999996,0.039191842,7.450581e-09,200,200
DROSOPHILA_TRANSFER__BEE,34,-0.05999996,-0.038800005,-0.029099986,-0.08000002,-0.021199957,0.050900035,-0.07209999,-0.0029999986,-0.004000001,0.0010000025,0.485,0.0,0.31499999999999995,0.039982002,7.450581e-09,200,200
DROSOPHILA_TRANSFER__BEE,35,-0.05999996,-0.035200007,-0.026399989,-0.08000002,-0.024799954,0.053600032,-0.078399986,-0.0029999986,-0.004000001,0.0010000025,0.44,0.0,0.245,0.03971096,7.450581e-09,200,200
DROSOPHILA_TRANSFER__BEE,36,-0.05999996,-0.036800005,-0.027599989,-0.08000002,-0.023199957,0.05240003,-0.07559998,-0.0029999986,-0.0040000007,0.001000002,0.46,0.0,0.20499999999999996,0.0398718,7.450581e-09,200,200
DROSOPHILA_TRANSFER__BEE,37,-0.05999996,-0.035600003,-0.026699988,-0.08000002,-0.024399959,0.05330003,-0.07769999,-0.0029999986,-0.004000001,0.0010000025,0.445,0.0,0.22499999999999998,0.03975727,7.450581e-09,200,200
DROSOPHILA_TRANSFER__BEE,38,-0.05999996,-0.034000006,-0.025499988,-0.08000002,-0.025999956,0.054500032,-0.08049999,-0.0029999986,-0.0040000007,0.001000002,0.425,0.0,0.26,0.039547443,7.450581e-09,200,200
DROSOPHILA_TRANSFER__BEE,39,-0.05999996,-0.033600006,-0.02519999,-0.08000002,-0.026399955,0.05480003,-0.08119999,-0.0029999986,-0.004000001,0.0010000025,0.42,0.0,0.245,0.039484687,7.450581e-09,200,200
DROSOPHILA_TRANSFER__BEE,40,-0.05999996,-0.042000007,-0.031499986,-0.08000002,-0.017999955,0.048500035,-0.06649999,-0.0029999986,-0.0040000007,0.001000002,0.525,0.0,0.31000000000000005,0.039949976,7.450581e-09,200,200
DROSOPHILA_TRANSFER__BEE,41,-0.05999996,-0.04000001,-0.029999986,-0.08000002,-0.019999951,0.050000034,-0.069999985,-0.0029999986,-0.004000001,0.0010000025,0.5,0.0,0.265,0.040000007,7.450581e-09,200,200
DROSOPHILA_TRANSFER__BEE,42,-0.05999996,-0.038400006,-0.028799986,-0.08000002,-0.021599956,0.051200032,-0.07279999,-0.0029999986,-0.0040000007,0.001000002,0.48,0.0,0.28,0.039967995,7.450581e-09,200,200
DROSOPHILA_TRANSFER__BEE,43,-0.05999996,-0.035200004,-0.026399989,-0.08000002,-0.024799958,0.053600032,-0.078399986,-0.0029999986,-0.0040000007,0.001000002,0.44,0.0,0.24,0.039710965,7.450581e-09,200,200
DROSOPHILA_TRANSFER__BEE,44,-0.05999996,-0.033600006,-0.02519999,-0.08000002,-0.026399955,0.05480003,-0.08119999,-0.0029999986,-0.0040000007,0.001000002,0.42,0.0,0.21999999999999997,0.039484687,7.450581e-09,200,200
DROSOPHILA_TRANSFER__BEE,45,-0.05999996,-0.038800005,-0.029099986,-0.08000002,-0.021199957,0.050900035,-0.07209999,-0.0029999986,-0.004000001,0.0010000025,0.485,0.0,0.235,0.039982002,7.450581e-09,200,200
DROSOPHILA_TRANSFER__BEE,46,-0.05999996,-0.04120001,-0.030899987,-0.08000002,-0.018799953,0.049100034,-0.06789999,-0.0029999986,-0.0040000007,0.001000002,0.515,0.0,0.25,0.039982002,7.450581e-09,200,200
DROSOPHILA_TRANSFER__BEE,47,-0.05999996,-0.039600007,-0.029699983,-0.08000002,-0.020399954,0.05030004,-0.07069999,-0.0029999986,-0.0040000007,0.001000002,0.495,0.0,0.30000000000000004,0.039998006,7.450581e-09,200,200
DROSOPHILA_TRANSFER__BEE,48,-0.05999996,-0.044000007,-0.03299998,-0.08000002,-0.015999954,0.04700004,-0.06299999,-0.0029999986,-0.004000001,0.0010000025,0.55,0.0,0.31000000000000005,0.039799504,7.450581e-09,200,200
DROSOPHILA_TRANSFER__BEE,49,-0.05999996,-0.039200004,-0.029399985,-0.08000002,-0.020799957,0.050600037,-0.071399994,-0.0029999986,-0.004000001,0.0010000025,0.49,0.0,0.26,0.03999201,7.450581e-09,200,200
DROSOPHILA_TRANSFER__BEE,50,-0.05999996,-0.044400007,-0.033299986,-0.08000002,-0.015599955,0.046700034,-0.06229999,-0.0029999986,-0.004000001,0.0010000025,0.555,0.0,0.31000000000000005,0.039757267,7.450581e-09,200,200
DROSOPHILA_TRANSFER__BEE,51,-0.05999996,-0.032400005,-0.024299989,-0.08000002,-0.027599957,0.055700034,-0.083299994,-0.0029999986,-0.0040000007,0.001000002,0.405,0.0,0.245,0.039271373,7.450581e-09,200,200
DROSOPHILA_TRANSFER__BEE,52,-0.05999996,-0.039200008,-0.029399985,-0.08000002,-0.020799953,0.050600037,-0.07139999,-0.0029999986,-0.004000001,0.0010000025,0.49,0.0,0.275,0.039992005,7.450581e-09,200,200
DROSOPHILA_TRANSFER__BEE,53,-0.05999996,-0.038400006,-0.028799986,-0.08000002,-0.021599956,0.051200032,-0.07279999,-0.0029999986,-0.0040000007,0.001000002,0.48,0.0,0.26,0.039967995,7.450581e-09,200,200
DROSOPHILA_TRANSFER__BEE,54,-0.05999996,-0.037200008,-0.027899986,-0.08000002,-0.022799954,0.052100033,-0.07489999,-0.0029999986,-0.004000001,0.0010000025,0.465,0.0,0.255,0.03990189,7.450581e-09,200,200
DROSOPHILA_TRANSFER__BEE,55,-0.05999996,-0.041600008,-0.031199986,-0.08000002,-0.018399954,0.048800036,-0.06719999,-0.0029999986,-0.004000001,0.0010000025,0.52,0.0,0.31999999999999995,0.039967995,7.450581e-09,200,200
DROSOPHILA_TRANSFER__BEE,56,-0.05999996,-0.04440001,-0.033299986,-0.08000002,-0.015599951,0.046700034,-0.062299985,-0.0029999986,-0.004000001,0.0010000025,0.555,0.0,0.30500000000000005,0.03975727,7.450581e-09,200,200
DROSOPHILA_TRANSFER__BEE,57,-0.05999996,-0.038800005,-0.029099986,-0.08000002,-0.021199957,0.050900035,-0.07209999,-0.0029999986,-0.0040000007,0.001000002,0.485,0.0,0.235,0.039982,7.450581e-09,200,200
DROSOPHILA_TRANSFER__BEE,58,-0.05999996,-0.037200008,-0.027899986,-0.08000002,-0.022799954,0.052100033,-0.07489999,-0.0029999986,-0.0040000007,0.001000002,0.465,0.0,0.275,0.03990189,7.450581e-09,200,200
DROSOPHILA_TRANSFER__BEE,59,-0.05999996,-0.033600006,-0.025199987,-0.08000002,-0.026399955,0.054800034,-0.08119999,-0.0029999986,-0.004000001,0.0010000025,0.42,0.0,0.245,0.039484687,7.450581e-09,200,200
DROSOPHILA_TRANSFER__BEE,60,-0.05999996,-0.036400005,-0.027299989,-0.08000002,-0.023599956,0.05270003,-0.07629999,-0.0029999986,-0.0040000007,0.001000002,0.455,0.0,0.265,0.039837677,7.450581e-09,200,200
DROSOPHILA_TRANSFER__BEE,61,-0.05999996,-0.035200004,-0.026399989,-0.08000002,-0.024799958,0.053600032,-0.078399986,-0.0029999986,-0.0040000007,0.001000002,0.44,0.0,0.20999999999999996,0.039710965,7.450581e-09,200,200
DROSOPHILA_TRANSFER__BEE,62,-0.05999996,-0.038800005,-0.029099986,-0.08000002,-0.021199957,0.050900035,-0.07209999,-0.0029999986,-0.004000001,0.0010000025,0.485,0.0,0.275,0.039982002,7.450581e-09,200,200
DROSOPHILA_TRANSFER__BEE,63,-0.05999996,-0.038000006,-0.028499987,-0.08000002,-0.021999955,0.051500034,-0.07349999,-0.0029999986,-0.004000001,0.0010000025,0.475,0.0,0.26,0.039949976,7.450581e-09,200,200
DROSOPHILA_TRANSFER__BEE,64,-0.05999996,-0.034000006,-0.025499988,-0.08000002,-0.025999956,0.054500032,-0.08049999,-0.0029999986,-0.004000001,0.0010000025,0.425,0.0,0.235,0.039547443,7.450581e-09,200,200
DROSOPHILA_TRANSFER__BEE,65,-0.05999996,-0.038000006,-0.028499987,-0.08000002,-0.021999955,0.051500034,-0.07349999,-0.0029999986,-0.0040000007,0.001000002,0.475,0.0,0.25,0.039949976,7.450581e-09,200,200
DROSOPHILA_TRANSFER__BEE,66,-0.05999996,-0.036000006,-0.026999988,-0.08000002,-0.023999956,0.053000033,-0.07699999,-0.0029999986,-0.004000001,0.0010000025,0.45,0.0,0.235,0.039799504,7.450581e-09,200,200
DROSOPHILA_TRANSFER__BEE,67,-0.05999996,-0.034400005,-0.025799988,-0.08000002,-0.025599957,0.05420003,-0.07979999,-0.0029999986,-0.004000001,0.0010000025,0.43,0.0,0.235,0.03960607,7.450581e-09,200,200
DROSOPHILA_TRANSFER__BEE,68,-0.05999996,-0.039600007,-0.029699987,-0.08000002,-0.020399954,0.050300032,-0.07069999,-0.0029999986,-0.004000001,0.0010000025,0.495,0.0,0.27,0.039998006,7.450581e-09,200,200
DROSOPHILA_TRANSFER__BEE,69,-0.05999996,-0.035600007,-0.026699986,-0.08000002,-0.024399955,0.053300034,-0.07769999,-0.0029999986,-0.004000001,0.0010000025,0.445,0.0,0.27,0.039757267,7.450581e-09,200,200
DROSOPHILA_TRANSFER__BEE,70,-0.05999996,-0.036000006,-0.026999988,-0.08000002,-0.023999956,0.053000033,-0.07699999,-0.0029999986,-0.0040000007,0.001000002,0.45,0.0,0.22499999999999998,0.039799504,7.450581e-09,200,200
DROSOPHILA_TRANSFER__BEE,71,-0.05999996,-0.041600008,-0.031199984,-0.08000002,-0.018399954,0.048800036,-0.06719999,-0.0029999986,-0.0040000007,0.001000002,0.52,0.0,0.31499999999999995,0.039967995,7.450581e-09,200,200
DROSOPHILA_TRANSFER__BEE,72,-0.05999996,-0.03880001,-0.029099986,-0.08000002,-0.021199953,0.050900035,-0.07209998,-0.0029999986,-0.004000001,0.0010000025,0.485,0.0,0.26,0.039982002,7.450581e-09,200,200
DROSOPHILA_TRANSFER__BEE,73,-0.05999996,-0.043200005,-0.032399982,-0.08000002,-0.016799957,0.04760004,-0.064399995,-0.0029999986,-0.004000001,0.0010000025,0.54,0.0,0.28500000000000003,0.0398718,7.450581e-09,200,200
DROSOPHILA_TRANSFER__BEE,74,-0.05999996,-0.040000007,-0.029999986,-0.08000002,-0.019999955,0.050000034,-0.06999999,-0.0029999986,-0.004000001,0.0010000025,0.5,0.0,0.31499999999999995,0.04000001,7.450581e-09,200,200
DROSOPHILA_TRANSFER__BEE,75,-0.05999996,-0.038000006,-0.028499987,-0.08000002,-0.021999955,0.051500034,-0.07349999,-0.0029999986,-0.0040000007,0.001000002,0.475,0.0,0.28,0.039949976,7.450581e-09,200,200
DROSOPHILA_TRANSFER__BEE,76,-0.05999996,-0.039200008,-0.029399985,-0.08000002,-0.020799953,0.050600037,-0.07139999,-0.0029999986,-0.004000001,0.0010000025,0.49,0.0,0.27,0.03999201,7.450581e-09,200,200
DROSOPHILA_TRANSFER__BEE,77,-0.05999996,-0.037200004,-0.027899988,-0.08000002,-0.022799958,0.052100033,-0.07489999,-0.0029999986,-0.0040000007,0.001000002,0.465,0.0,0.27,0.03990189,7.450581e-09,200,200
DROSOPHILA_TRANSFER__BEE,78,-0.05999996,-0.031200007,-0.02339999,-0.08000002,-0.028799955,0.05660003,-0.085399985,-0.0029999986,-0.004000001,0.0010000025,0.39,0.0,0.20999999999999996,0.039020002,7.450581e-09,200,200
DROSOPHILA_TRANSFER__BEE,79,-0.05999996,-0.034800004,-0.026099987,-0.08000002,-0.025199957,0.053900033,-0.07909999,-0.0029999986,-0.004000001,0.0010000025,0.435,0.0,0.245,0.03966057,7.450581e-09,200,200
DROSOPHILA_TRANSFER__BEE,80,-0.05999996,-0.034400005,-0.02579999,-0.08000002,-0.025599957,0.05420003,-0.07979999,-0.0029999986,-0.004000001,0.0010000025,0.43,0.0,0.245,0.03960607,7.450581e-09,200,200
DROSOPHILA_TRANSFER__BEE,81,-0.05999996,-0.042400006,-0.031799983,-0.08000002,-0.017599955,0.048200037,-0.065799996,-0.0029999986,-0.004000001,0.0010000025,0.53,0.0,0.31000000000000005,0.039927945,7.450581e-09,200,200
DROSOPHILA_TRANSFER__BEE,82,-0.05999996,-0.032800008,-0.024599988,-0.08000002,-0.027199954,0.055400033,-0.08259998,-0.0029999986,-0.004000001,0.0010000025,0.41,0.0,0.22499999999999998,0.039346673,7.450581e-09,200,200
DROSOPHILA_TRANSFER__BEE,83,-0.05999996,-0.039200004,-0.029399985,-0.08000002,-0.020799957,0.050600037,-0.071399994,-0.0029999986,-0.0040000007,0.001000002,0.49,0.0,0.26,0.039992005,7.450581e-09,200,200
DROSOPHILA_TRANSFER__BEE,84,-0.05999996,-0.04040001,-0.030299986,-0.08000002,-0.019599952,0.049700037,-0.06929999,-0.0029999986,-0.004000001,0.0010000025,0.505,0.0,0.235,0.039998006,7.450581e-09,200,200
DROSOPHILA_TRANSFER__BEE,85,-0.05999996,-0.039600007,-0.029699987,-0.08000002,-0.020399954,0.050300032,-0.07069999,-0.0029999986,-0.004000001,0.0010000025,0.495,0.0,0.28,0.039998006,7.450581e-09,200,200
DROSOPHILA_TRANSFER__BEE,86,-0.05999996,-0.033200007,-0.024899988,-0.08000002,-0.026799954,0.05510003,-0.081899986,-0.0029999986,-0.004000001,0.0010000025,0.415,0.0,0.22999999999999998,0.03941777,7.450581e-09,200,200
DROSOPHILA_TRANSFER__BEE,87,-0.05999996,-0.034000006,-0.025499988,-0.08000002,-0.025999956,0.054500032,-0.08049999,-0.0029999986,-0.004000001,0.0010000025,0.425,0.0,0.25,0.039547447,7.450581e-09,200,200
DROSOPHILA_TRANSFER__BEE,88,-0.05999996,-0.038000006,-0.028499987,-0.08000002,-0.021999955,0.051500034,-0.07349999,-0.0029999986,-0.0040000007,0.001000002,0.475,0.0,0.30000000000000004,0.03994998,7.450581e-09,200,200
DROSOPHILA_TRANSFER__BEE,89,-0.05999996,-0.038000006,-0.028499987,-0.08000002,-0.021999955,0.051500034,-0.07349999,-0.0029999986,-0.004000001,0.0010000025,0.475,0.0,0.265,0.039949976,7.450581e-09,200,200
DROSOPHILA_TRANSFER__BEE,90,-0.05999996,-0.034400005,-0.02579999,-0.08000002,-0.025599957,0.05420003,-0.07979999,-0.0029999986,-0.0040000007,0.001000002,0.43,0.0,0.235,0.039606065,7.450581e-09,200,200
DROSOPHILA_TRANSFER__BEE,91,-0.05999996,-0.033600006,-0.025199987,-0.08000002,-0.026399955,0.054800034,-0.08119999,-0.0029999986,-0.0040000007,0.001000002,0.42,0.0,0.27,0.039484687,7.450581e-09,200,200
DROSOPHILA_TRANSFER__BEE,92,-0.05999996,-0.042000007,-0.031499986,-0.08000002,-0.017999955,0.048500035,-0.06649999,-0.0029999986,-0.004000001,0.0010000025,0.525,0.0,0.27,0.03994998,7.450581e-09,200,200
DROSOPHILA_TRANSFER__BEE,93,-0.05999996,-0.032,-0.02399999,-0.08000002,-0.02799996,0.05600003,-0.08399999,-0.0029999986,-0.004000001,0.0010000025,0.4,0.0,0.18999999999999995,0.039191842,7.450581e-09,200,200
DROSOPHILA_TRANSFER__BEE,94,-0.05999996,-0.036000006,-0.026999988,-0.08000002,-0.023999956,0.053000033,-0.07699999,-0.0029999986,-0.004000001,0.0010000025,0.45,0.0,0.255,0.039799504,7.450581e-09,200,200
DROSOPHILA_TRANSFER__BEE,95,-0.05999996,-0.038400006,-0.028799986,-0.08000002,-0.021599956,0.051200032,-0.07279999,-0.0029999986,-0.004000001,0.0010000025,0.48,0.0,0.27,0.039967995,7.450581e-09,200,200
DROSOPHILA_TRANSFER__BEE,96,-0.05999996,-0.03680001,-0.027599989,-0.08000002,-0.023199953,0.05240003,-0.07559998,-0.0029999986,-0.004000001,0.0010000025,0.46,0.0,0.28,0.0398718,7.450581e-09,200,200
DROSOPHILA_TRANSFER__BEE,97,-0.05999996,-0.038800005,-0.029099984,-0.08000002,-0.021199957,0.050900035,-0.07209999,-0.0029999986,-0.004000001,0.0010000025,0.485,0.0,0.29000000000000004,0.039982002,7.450581e-09,200,200
DROSOPHILA_TRANSFER__BEE,98,-0.05999996,-0.039200008,-0.029399985,-0.08000002,-0.020799953,0.050600037,-0.07139999,-0.0029999986,-0.004000001,0.0010000025,0.49,0.0,0.265,0.03999201,7.450581e-09,200,200
DROSOPHILA_TRANSFER__BEE,99,-0.05999996,-0.037600007,-0.028199987,-0.08000002,-0.022399954,0.051800035,-0.07419999,-0.0029999986,-0.004000001,0.0010000025,0.47,0.0,0.28500000000000003,0.03992794,7.450581e-09,200,200
DROSOPHILA_TRANSFER__DROSOPHILA,0,-0.02129999,-0.05999996,-0.05999996,-0.021299992,0.03869997,-0.03869997,0.07739994,-0.0029999986,-0.0029999986,0.0,0.355,0.0,0.12,1.1175871e-08,0.028710788,200,200
DROSOPHILA_TRANSFER__DROSOPHILA,1,-0.018299991,-0.05999996,-0.05999996,-0.018299991,0.04169997,-0.04169997,0.08339994,-0.0029999989,-0.0029999986,-2.3283064e-10,0.305,0.0,0.06499999999999995,1.1175871e-08,0.027624434,200,200
DROSOPHILA_TRANSFER__DROSOPHILA,2,-0.02309999,-0.05999996,-0.05999996,-0.02309999,0.03689997,-0.03689997,0.07379994,-0.0029999986,-0.0029999986,0.0,0.385,0.0,0.18000000000000005,1.1175871e-08,0.029195705,200,200
DROSOPHILA_TRANSFER__DROSOPHILA,3,-0.01889999,-0.05999996,-0.05999996,-0.018899992,0.041099973,-0.04109997,0.082199946,-0.0029999986,-0.0029999986,0.0,0.315,0.0,0.06499999999999995,1.1175871e-08,0.02787094,200,200
DROSOPHILA_TRANSFER__DROSOPHILA,4,-0.015899992,-0.05999996,-0.05999996,-0.015899992,0.04409997,-0.04409997,0.08819994,-0.0029999986,-0.0029999986,0.0,0.265,0.0,0.03500000000000003,1.1175871e-08,0.02647998,200,200
DROSOPHILA_TRANSFER__DROSOPHILA,5,-0.018599993,-0.05999996,-0.05999996,-0.018599993,0.04139997,-0.04139997,0.08279994,-0.0029999986,-0.0029999986,0.0,0.31,0.0,0.08999999999999997,1.1175871e-08,0.027749581,200,200
DROSOPHILA_TRANSFER__DROSOPHILA,6,-0.016799992,-0.05999996,-0.05999996,-0.016799992,0.04319997,-0.04319997,0.08639994,-0.0029999986,-0.0029999989,2.3283064e-10,0.28,0.0,0.07999999999999996,1.1175871e-08,0.02693992,200,200
DROSOPHILA_TRANSFER__DROSOPHILA,7,-0.024299989,-0.05999996,-0.05999996,-0.024299989,0.03569997,-0.03569997,0.07139994,-0.0029999986,-0.0029999986,0.0,0.405,0.0,0.18000000000000005,1.1175871e-08,0.029453509,200,200
DROSOPHILA_TRANSFER__DROSOPHILA,8,-0.015299993,-0.05999996,-0.05999996,-0.015299993,0.044699967,-0.044699967,0.089399934,-0.0029999986,-0.0029999986,0.0,0.255,0.0,0.06999999999999995,1.1175871e-08,0.02615166,200,200
DROSOPHILA_TRANSFER__DROSOPHILA,9,-0.013799994,-0.05999996,-0.05999996,-0.013799994,0.046199966,-0.046199966,0.09239993,-0.0029999986,-0.0029999986,0.0,0.23,0.0,0.05500000000000005,1.1175871e-08,0.025249936,200,200
DROSOPHILA_TRANSFER__DROSOPHILA,10,-0.013499993,-0.05999996,-0.05999996,-0.013499994,0.046499968,-0.046499968,0.092999935,-0.0029999986,-0.0029999986,0.0,0.225,0.0,0.020000000000000018,1.1175871e-08,0.02505493,200,200
DROSOPHILA_TRANSFER__DROSOPHILA,11,-0.015899992,-0.05999996,-0.05999996,-0.015899992,0.04409997,-0.04409997,0.08819994,-0.0029999989,-0.0029999986,-2.3283064e-10,0.265,0.0,0.09999999999999998,1.1175871e-08,0.02647998,200,200
DROSOPHILA_TRANSFER__DROSOPHILA,12,-0.015899993,-0.05999996,-0.05999996,-0.015899992,0.044099968,-0.04409997,0.08819994,-0.0029999986,-0.0029999986,0.0,0.265,0.0,0.07499999999999996,1.1175871e-08,0.02647998,200,200
DROSOPHILA_TRANSFER__DROSOPHILA,13,-0.014999993,-0.05999996,-0.05999996,-0.014999993,0.04499997,-0.04499997,0.08999994,-0.0029999986,-0.0029999986,0.0,0.25,0.0,0.05500000000000005,1.1175871e-08,0.02598075,200,200
DROSOPHILA_TRANSFER__DROSOPHILA,14,-0.014699993,-0.05999996,-0.05999996,-0.014699993,0.04529997,-0.04529997,0.09059994,-0.0029999986,-0.0029999986,0.0,0.245,0.0,0.04500000000000004,1.1175871e-08,0.025805222,200,200
DROSOPHILA_TRANSFER__DROSOPHILA,15,-0.015599993,-0.05999996,-0.05999996,-0.015599992,0.04439997,-0.04439997,0.08879994,-0.0029999986,-0.0029999986,0.0,0.26,0.0,0.11499999999999999,1.1175871e-08,0.026318042,200,200
DROSOPHILA_TRANSFER__DROSOPHILA,16,-0.020699989,-0.05999996,-0.05999996,-0.020699989,0.039299972,-0.039299972,0.078599945,-0.0029999986,-0.0029999986,0.0,0.345,0.0,0.16500000000000004,1.1175871e-08,0.028522082,200,200
DROSOPHILA_TRANSFER__DROSOPHILA,17,-0.01739999,-0.05999996,-0.05999996,-0.01739999,0.04259997,-0.04259997,0.08519994,-0.0029999986,-0.0029999986,0.0,0.29,0.0,0.06000000000000005,1.1175871e-08,0.027225714,200,200
DROSOPHILA_TRANSFER__DROSOPHILA,18,-0.017699992,-0.05999996,-0.05999996,-0.017699992,0.04229997,-0.04229997,0.08459994,-0.0029999989,-0.0029999986,-2.3283064e-10,0.295,0.0,0.06000000000000005,1.1175871e-08,0.027362553,200,200
DROSOPHILA_TRANSFER__DROSOPHILA,19,-0.020699989,-0.05999996,-0.05999996,-0.020699989,0.039299972,-0.039299972,0.078599945,-0.0029999986,-0.0029999986,0.0,0.345,0.0,0.125,1.1175871e-08,0.028522084,200,200
DROSOPHILA_TRANSFER__DROSOPHILA,20,-0.014999993,-0.05999996,-0.05999996,-0.014999993,0.04499997,-0.04499997,0.08999994,-0.0029999986,-0.0029999986,0.0,0.25,0.0,0.07999999999999996,1.1175871e-08,0.02598075,200,200
DROSOPHILA_TRANSFER__DROSOPHILA,21,-0.015899992,-0.05999996,-0.05999996,-0.015899992,0.04409997,-0.04409997,0.08819994,-0.0029999986,-0.0029999986,0.0,0.265,0.0,0.040000000000000036,1.1175871e-08,0.02647998,200,200
DROSOPHILA_TRANSFER__DROSOPHILA,22,-0.015299993,-0.05999996,-0.05999996,-0.015299994,0.044699967,-0.044699967,0.089399934,-0.0029999986,-0.0029999986,0.0,0.255,0.0,0.05500000000000005,1.1175871e-08,0.02615166,200,200
DROSOPHILA_TRANSFER__DROSOPHILA,23,-0.018599993,-0.05999996,-0.05999996,-0.01859999,0.04139997,-0.04139997,0.08279994,-0.0029999986,-0.0029999986,0.0,0.31,0.0,0.125,1.1175871e-08,0.027749581,200,200
DROSOPHILA_TRANSFER__DROSOPHILA,24,-0.013499994,-0.05999996,-0.05999996,-0.013499994,0.046499968,-0.046499968,0.092999935,-0.0029999986,-0.0029999986,0.0,0.225,0.0,0.03500000000000003,1.1175871e-08,0.025054928,200,200
DROSOPHILA_TRANSFER__DROSOPHILA,25,-0.0125999935,-0.05999996,-0.05999996,-0.0125999935,0.047399968,-0.047399968,0.094799936,-0.0029999986,-0.0029999986,0.0,0.21,0.0,0.015000000000000013,1.1175871e-08,0.024438482,200,200
DROSOPHILA_TRANSFER__DROSOPHILA,26,-0.011399994,-0.05999996,-0.05999996,-0.011399994,0.048599966,-0.048599966,0.09719993,-0.0029999986,-0.0029999986,0.0,0.19,0.0,0.05500000000000005,1.1175871e-08,0.023538044,200,200
DROSOPHILA_TRANSFER__DROSOPHILA,27,-0.019199992,-0.05999996,-0.05999996,-0.019199992,0.040799968,-0.040799968,0.081599936,-0.0029999986,-0.0029999986,0.0,0.32,0.0,0.135,1.1175871e-08,0.027988559,200,200
DROSOPHILA_TRANSFER__DROSOPHILA,28,-0.01979999,-0.05999996,-0.05999996,-0.01979999,0.040199973,-0.040199973,0.080399945,-0.0029999986,-0.0029999986,0.0,0.33,0.0,0.135,1.1175871e-08,0.02821275,200,200
DROSOPHILA_TRANSFER__DROSOPHILA,29,-0.014999993,-0.05999996,-0.05999996,-0.014999993,0.04499997,-0.04499997,0.08999994,-0.0029999986,-0.0029999986,0.0,0.25,0.0,0.08499999999999996,1.1175871e-08,0.02598075,200,200
DROSOPHILA_TRANSFER__DROSOPHILA,30,-0.017099991,-0.05999996,-0.05999996,-0.017099991,0.04289997,-0.04289997,0.08579994,-0.0029999986,-0.0029999986,0.0,0.285,0.0,0.06999999999999995,1.1175871e-08,0.027084855,200,200
DROSOPHILA_TRANSFER__DROSOPHILA,31,-0.013199994,-0.05999996,-0.05999996,-0.013199994,0.046799965,-0.046799965,0.09359993,-0.0029999986,-0.0029999986,0.0,0.22,0.0,0.025000000000000022,1.1175871e-08,0.024854768,200,200
DROSOPHILA_TRANSFER__DROSOPHILA,32,-0.01979999,-0.05999996,-0.05999996,-0.019799992,0.040199973,-0.04019997,0.080399945,-0.0029999986,-0.0029999986,0.0,0.33,0.0,0.08499999999999996,1.1175871e-08,0.02821275,200,200
DROSOPHILA_TRANSFER__DROSOPHILA,33,-0.015299993,-0.05999996,-0.05999996,-0.015299993,0.044699967,-0.044699967,0.089399934,-0.0029999986,-0.0029999986,0.0,0.255,0.0,0.06999999999999995,1.1175871e-08,0.02615166,200,200
DROSOPHILA_TRANSFER__DROSOPHILA,34,-0.0119999945,-0.05999996,-0.05999996,-0.011999994,0.047999967,-0.047999967,0.095999934,-0.0029999986,-0.0029999986,0.0,0.2,0.0,0.03500000000000003,1.1175871e-08,0.023999989,200,200
DROSOPHILA_TRANSFER__DROSOPHILA,35,-0.026399989,-0.05999996,-0.05999996,-0.026399989,0.033599973,-0.033599973,0.067199945,-0.0029999986,-0.0029999986,0.0,0.44,0.0,0.245,1.1175871e-08,0.0297832,200,200
DROSOPHILA_TRANSFER__DROSOPHILA,36,-0.023399986,-0.05999996,-0.05999996,-0.023399986,0.036599975,-0.036599975,0.07319995,-0.0029999986,-0.0029999986,0.0,0.39,0.0,0.14,1.1175871e-08,0.029264983,200,200
DROSOPHILA_TRANSFER__DROSOPHILA,37,-0.02309999,-0.05999996,-0.05999996,-0.02309999,0.03689997,-0.03689997,0.07379994,-0.0029999986,-0.0029999986,0.0,0.385,0.0,0.17000000000000004,1.1175871e-08,0.029195705,200,200
DROSOPHILA_TRANSFER__DROSOPHILA,38,-0.014699993,-0.05999996,-0.05999996,-0.014699993,0.04529997,-0.04529997,0.09059994,-0.0029999986,-0.0029999986,0.0,0.245,0.0,0.09499999999999997,1.1175871e-08,0.025805222,200,200
DROSOPHILA_TRANSFER__DROSOPHILA,39,-0.016799992,-0.05999996,-0.05999996,-0.016799992,0.04319997,-0.04319997,0.08639994,-0.0029999986,-0.0029999986,0.0,0.28,0.0,0.11499999999999999,1.1175871e-08,0.02693992,200,200
DROSOPHILA_TRANSFER__DROSOPHILA,40,-0.015299993,-0.05999996,-0.05999996,-0.015299993,0.044699967,-0.044699967,0.089399934,-0.0029999986,-0.0029999986,0.0,0.255,0.0,0.040000000000000036,1.1175871e-08,0.026151663,200,200
DROSOPHILA_TRANSFER__DROSOPHILA,41,-0.02039999,-0.05999996,-0.05999996,-0.02039999,0.03959997,-0.03959997,0.07919994,-0.0029999986,-0.0029999986,0.0,0.34,0.0,0.11499999999999999,1.1175871e-08,0.028422514,200,200
DROSOPHILA_TRANSFER__DROSOPHILA,42,-0.022799991,-0.05999996,-0.05999996,-0.022799991,0.03719997,-0.03719997,0.07439994,-0.0029999986,-0.0029999986,0.0,0.38,0.0,0.18999999999999995,1.1175871e-08,0.029123172,200,200
DROSOPHILA_TRANSFER__DROSOPHILA,43,-0.012299994,-0.05999996,-0.05999996,-0.012299996,0.047699966,-0.047699966,0.09539993,-0.0029999986,-0.0029999986,0.0,0.205,0.0,0.0050000000000000044,1.1175871e-08,0.024222087,200,200
DROSOPHILA_TRANSFER__DROSOPHILA,44,-0.020699993,-0.05999996,-0.05999996,-0.020699989,0.03929997,-0.039299972,0.078599945,-0.0029999986,-0.0029999986,0.0,0.345,0.0,0.14500000000000002,1.1175871e-08,0.028522084,200,200
DROSOPHILA_TRANSFER__DROSOPHILA,45,-0.019499991,-0.05999996,-0.05999996,-0.019499991,0.04049997,-0.04049997,0.08099994,-0.0029999986,-0.0029999986,0.0,0.325,0.0,0.07499999999999996,1.1175871e-08,0.028102478,200,200
DROSOPHILA_TRANSFER__DROSOPHILA,46,-0.022199988,-0.05999996,-0.05999996,-0.022199988,0.037799973,-0.037799973,0.075599946,-0.0029999986,-0.0029999986,0.0,0.37,0.0,0.11499999999999999,1.1175871e-08,0.028968245,200,200
DROSOPHILA_TRANSFER__DROSOPHILA,47,-0.01739999,-0.05999996,-0.05999996,-0.017399993,0.04259997,-0.04259997,0.08519994,-0.0029999986,-0.0029999986,0.0,0.29,0.0,0.09999999999999998,1.1175871e-08,0.02722571,200,200
DROSOPHILA_TRANSFER__DROSOPHILA,48,-0.020699993,-0.05999996,-0.05999996,-0.020699993,0.03929997,-0.03929997,0.07859994,-0.0029999986,-0.0029999986,0.0,0.345,0.0,0.125,1.1175871e-08,0.028522084,200,200
DROSOPHILA_TRANSFER__DROSOPHILA,49,-0.016799992,-0.05999996,-0.05999996,-0.016799992,0.04319997,-0.04319997,0.08639994,-0.0029999986,-0.0029999986,0.0,0.28,0.0,0.05500000000000005,1.1175871e-08,0.026939921,200,200
DROSOPHILA_TRANSFER__DROSOPHILA,50,-0.017399993,-0.05999996,-0.05999996,-0.01739999,0.04259997,-0.04259997,0.08519994,-0.0029999986,-0.0029999986,0.0,0.29,0.0,0.050000000000000044,1.1175871e-08,0.027225714,200,200
DROSOPHILA_TRANSFER__DROSOPHILA,51,-0.016499992,-0.05999996,-0.05999996,-0.01649999,0.04349997,-0.04349997,0.08699994,-0.0029999986,-0.0029999986,0.0,0.275,0.0,0.12,1.1175871e-08,0.026790846,200,200
DROSOPHILA_TRANSFER__DROSOPHILA,52,-0.016799992,-0.05999996,-0.05999996,-0.016799992,0.04319997,-0.04319997,0.08639994,-0.0029999986,-0.0029999986,0.0,0.28,0.0,0.06999999999999995,1.1175871e-08,0.02693992,200,200
DROSOPHILA_TRANSFER__DROSOPHILA,53,-0.02579999,-0.05999996,-0.05999996,-0.02579999,0.03419997,-0.03419997,0.06839994,-0.0029999986,-0.0029999986,0.0,0.43,0.0,0.22499999999999998,1.1175871e-08,0.029704532,200,200
DROSOPHILA_TRANSFER__DROSOPHILA,54,-0.01649999,-0.05999996,-0.05999996,-0.01649999,0.04349997,-0.04349997,0.08699994,-0.0029999986,-0.0029999986,0.0,0.275,0.0,0.07999999999999996,1.1175871e-08,0.026790846,200,200
DROSOPHILA_TRANSFER__DROSOPHILA,55,-0.012299994,-0.05999996,-0.05999996,-0.012299994,0.047699966,-0.047699966,0.09539993,-0.0029999986,-0.0029999986,0.0,0.205,0.0,0.0050000000000000044,1.1175871e-08,0.024222087,200,200
DROSOPHILA_TRANSFER__DROSOPHILA,56,-0.018299991,-0.05999996,-0.05999996,-0.018299991,0.04169997,-0.04169997,0.08339994,-0.0029999986,-0.0029999986,0.0,0.305,0.0,0.06000000000000005,1.1175871e-08,0.027624434,200,200
DROSOPHILA_TRANSFER__DROSOPHILA,57,-0.02129999,-0.05999996,-0.05999996,-0.021299992,0.03869997,-0.03869997,0.07739994,-0.0029999986,-0.0029999986,0.0,0.355,0.0,0.12,1.1175871e-08,0.028710788,200,200
DROSOPHILA_TRANSFER__DROSOPHILA,58,-0.02249999,-0.05999996,-0.05999996,-0.02249999,0.03749997,-0.03749997,0.07499994,-0.0029999986,-0.0029999986,0.0,0.375,0.0,0.19499999999999995,1.1175871e-08,0.02904736,200,200
DROSOPHILA_TRANSFER__DROSOPHILA,59,-0.011399994,-0.05999996,-0.05999996,-0.011399994,0.048599966,-0.048599966,0.09719993,-0.0029999986,-0.0029999986,0.0,0.19,0.0,0.015000000000000013,1.1175871e-08,0.023538044,200,200
DROSOPHILA_TRANSFER__DROSOPHILA,60,-0.017099991,-0.05999996,-0.05999996,-0.017099991,0.04289997,-0.04289997,0.08579994,-0.0029999986,-0.0029999986,0.0,0.285,0.0,0.09499999999999997,1.1175871e-08,0.027084855,200,200
DROSOPHILA_TRANSFER__DROSOPHILA,61,-0.015599992,-0.05999996,-0.05999996,-0.015599992,0.04439997,-0.04439997,0.08879994,-0.0029999986,-0.0029999986,0.0,0.26,0.0,0.030000000000000027,1.1175871e-08,0.026318043,200,200
DROSOPHILA_TRANSFER__DROSOPHILA,62,-0.024299989,-0.05999996,-0.05999996,-0.024299989,0.03569997,-0.03569997,0.07139994,-0.0029999986,-0.0029999986,0.0,0.405,0.0,0.19999999999999996,1.1175871e-08,0.029453509,200,200
DROSOPHILA_TRANSFER__DROSOPHILA,63,-0.021299992,-0.05999996,-0.05999996,-0.02129999,0.03869997,-0.03869997,0.07739994,-0.0029999986,-0.0029999986,0.0,0.355,0.0,0.16000000000000003,1.1175871e-08,0.028710784,200,200
DROSOPHILA_TRANSFER__DROSOPHILA,64,-0.02099999,-0.05999996,-0.05999996,-0.02099999,0.03899997,-0.03899997,0.07799994,-0.0029999986,-0.0029999986,0.0,0.35,0.0,0.16500000000000004,1.1175871e-08,0.028618162,200,200
DROSOPHILA_TRANSFER__DROSOPHILA,65,-0.018299991,-0.05999996,-0.05999996,-0.018299991,0.04169997,-0.04169997,0.08339994,-0.0029999986,-0.0029999986,0.0,0.305,0.0,0.08999999999999997,1.1175871e-08,0.027624434,200,200
DROSOPHILA_TRANSFER__DROSOPHILA,66,-0.014399993,-0.05999996,-0.05999996,-0.014399993,0.045599967,-0.045599967,0.091199934,-0.0029999986,-0.0029999986,0.0,0.24,0.0,0.025000000000000022,1.1175871e-08,0.025624977,200,200
DROSOPHILA_TRANSFER__DROSOPHILA,67,-0.018899992,-0.05999996,-0.05999996,-0.018899992,0.04109997,-0.04109997,0.08219994,-0.0029999986,-0.0029999986,0.0,0.315,0.0,0.125,1.1175871e-08,0.02787094,200,200
DROSOPHILA_TRANSFER__DROSOPHILA,68,-0.015599992,-0.05999996,-0.05999996,-0.015599992,0.04439997,-0.04439997,0.08879994,-0.0029999986,-0.0029999986,0.0,0.26,0.0,0.03500000000000003,1.1175871e-08,0.026318042,200,200
DROSOPHILA_TRANSFER__DROSOPHILA,69,-0.013499994,-0.05999996,-0.05999996,-0.013499994,0.046499968,-0.046499968,0.092999935,-0.0029999986,-0.0029999986,0.0,0.225,0.0,0.07499999999999996,1.1175871e-08,0.02505493,200,200
DROSOPHILA_TRANSFER__DROSOPHILA,70,-0.02249999,-0.05999996,-0.05999996,-0.02249999,0.03749997,-0.03749997,0.07499994,-0.0029999986,-0.0029999986,0.0,0.375,0.0,0.15500000000000003,1.1175871e-08,0.02904736,200,200
DROSOPHILA_TRANSFER__DROSOPHILA,71,-0.017999992,-0.05999996,-0.05999996,-0.017999992,0.04199997,-0.04199997,0.08399994,-0.0029999986,-0.0029999986,0.0,0.3,0.0,0.09499999999999997,1.1175871e-08,0.027495442,200,200
DROSOPHILA_TRANSFER__DROSOPHILA,72,-0.017699992,-0.05999996,-0.05999996,-0.017699992,0.04229997,-0.04229997,0.08459994,-0.0029999986,-0.0029999986,0.0,0.295,0.0,0.06999999999999995,1.1175871e-08,0.027362553,200,200
DROSOPHILA_TRANSFER__DROSOPHILA,73,-0.017999992,-0.05999996,-0.05999996,-0.017999992,0.04199997,-0.04199997,0.08399994,-0.0029999986,-0.0029999986,0.0,0.3,0.0,0.050000000000000044,1.1175871e-08,0.027495442,200,200
DROSOPHILA_TRANSFER__DROSOPHILA,74,-0.012299994,-0.05999996,-0.05999996,-0.012299994,0.047699966,-0.047699966,0.09539993,-0.0029999986,-0.0029999986,0.0,0.205,0.0,0.010000000000000009,1.1175871e-08,0.024222087,200,200
DROSOPHILA_TRANSFER__DROSOPHILA,75,-0.016199993,-0.05999996,-0.05999996,-0.016199993,0.043799967,-0.043799967,0.08759993,-0.0029999986,-0.0029999986,0.0,0.27,0.0,0.07999999999999996,1.1175871e-08,0.026637558,200,200
DROSOPHILA_TRANSFER__DROSOPHILA,76,-0.016799992,-0.05999996,-0.05999996,-0.016799992,0.04319997,-0.04319997,0.08639994,-0.0029999986,-0.0029999986,0.0,0.28,0.0,0.07499999999999996,1.1175871e-08,0.02693992,200,200
DROSOPHILA_TRANSFER__DROSOPHILA,77,-0.01979999,-0.05999996,-0.05999996,-0.01979999,0.040199973,-0.040199973,0.080399945,-0.0029999986,-0.0029999986,0.0,0.33,0.0,0.14500000000000002,1.1175871e-08,0.02821275,200,200
DROSOPHILA_TRANSFER__DROSOPHILA,78,-0.013499994,-0.05999996,-0.05999996,-0.013499994,0.046499968,-0.046499968,0.092999935,-0.0029999986,-0.0029999986,0.0,0.225,0.0,0.05500000000000005,1.1175871e-08,0.02505493,200,200
DROSOPHILA_TRANSFER__DROSOPHILA,79,-0.020699989,-0.05999996,-0.05999996,-0.020699989,0.039299972,-0.039299972,0.078599945,-0.0029999986,-0.0029999986,0.0,0.345,0.0,0.15500000000000003,1.1175871e-08,0.028522084,200,200
DROSOPHILA_TRANSFER__DROSOPHILA,80,-0.013799994,-0.05999996,-0.05999996,-0.013799994,0.046199966,-0.046199966,0.09239993,-0.0029999986,-0.0029999986,0.0,0.23,0.0,0.04500000000000004,1.1175871e-08,0.025249936,200,200
DROSOPHILA_TRANSFER__DROSOPHILA,81,-0.02099999,-0.05999996,-0.05999996,-0.02099999,0.03899997,-0.03899997,0.07799994,-0.0029999986,-0.0029999986,0.0,0.35,0.0,0.135,1.1175871e-08,0.028618162,200,200
DROSOPHILA_TRANSFER__DROSOPHILA,82,-0.016199991,-0.05999996,-0.05999996,-0.016199991,0.04379997,-0.04379997,0.08759994,-0.0029999986,-0.0029999986,0.0,0.27,0.0,0.08999999999999997,1.1175871e-08,0.026637554,200,200
DROSOPHILA_TRANSFER__DROSOPHILA,83,-0.016799992,-0.05999996,-0.05999996,-0.016799992,0.04319997,-0.04319997,0.08639994,-0.0029999986,-0.0029999986,0.0,0.28,0.0,0.06999999999999995,1.1175871e-08,0.02693992,200,200
DROSOPHILA_TRANSFER__DROSOPHILA,84,-0.02039999,-0.05999996,-0.05999996,-0.02039999,0.03959997,-0.03959997,0.07919994,-0.0029999986,-0.0029999986,0.0,0.34,0.0,0.06999999999999995,1.1175871e-08,0.028422514,200,200
DROSOPHILA_TRANSFER__DROSOPHILA,85,-0.015299993,-0.05999996,-0.05999996,-0.015299993,0.044699967,-0.044699967,0.089399934,-0.0029999986,-0.0029999986,0.0,0.255,0.0,0.040000000000000036,1.1175871e-08,0.02615166,200,200
DROSOPHILA_TRANSFER__DROSOPHILA,86,-0.016199993,-0.05999996,-0.05999996,-0.016199991,0.043799967,-0.04379997,0.08759993,-0.0029999986,-0.0029999986,0.0,0.27,0.0,0.08999999999999997,1.1175871e-08,0.026637554,200,200
DROSOPHILA_TRANSFER__DROSOPHILA,87,-0.022799991,-0.05999996,-0.05999996,-0.022799987,0.03719997,-0.037199974,0.07439995,-0.0029999986,-0.0029999986,0.0,0.38,0.0,0.20499999999999996,1.1175871e-08,0.029123172,200,200
DROSOPHILA_TRANSFER__DROSOPHILA,88,-0.017099993,-0.05999996,-0.05999996,-0.017099991,0.042899966,-0.04289997,0.08579993,-0.0029999986,-0.0029999986,0.0,0.285,0.0,0.12,1.1175871e-08,0.027084855,200,200
DROSOPHILA_TRANSFER__DROSOPHILA,89,-0.015599992,-0.05999996,-0.05999996,-0.015599993,0.04439997,-0.04439997,0.08879994,-0.0029999986,-0.0029999986,0.0,0.26,0.0,0.06499999999999995,1.1175871e-08,0.026318042,200,200
DROSOPHILA_TRANSFER__DROSOPHILA,90,-0.018299991,-0.05999996,-0.05999996,-0.018299991,0.04169997,-0.04169997,0.08339994,-0.0029999986,-0.0029999986,0.0,0.305,0.0,0.10999999999999999,1.1175871e-08,0.027624434,200,200
DROSOPHILA_TRANSFER__DROSOPHILA,91,-0.01649999,-0.05999996,-0.05999996,-0.016499992,0.04349997,-0.04349997,0.08699994,-0.0029999986,-0.0029999986,0.0,0.275,0.0,0.135,1.1175871e-08,0.026790844,200,200
DROSOPHILA_TRANSFER__DROSOPHILA,92,-0.01889999,-0.05999996,-0.05999996,-0.018899992,0.041099973,-0.04109997,0.082199946,-0.0029999986,-0.0029999986,0.0,0.315,0.0,0.06999999999999995,1.1175871e-08,0.02787094,200,200
DROSOPHILA_TRANSFER__DROSOPHILA,93,-0.01799999,-0.05999996,-0.05999996,-0.017999992,0.041999973,-0.04199997,0.08399995,-0.0029999986,-0.0029999986,0.0,0.3,0.0,0.09499999999999997,1.1175871e-08,0.027495442,200,200
DROSOPHILA_TRANSFER__DROSOPHILA,94,-0.014999993,-0.05999996,-0.05999996,-0.014999993,0.04499997,-0.04499997,0.08999994,-0.0029999986,-0.0029999986,0.0,0.25,0.0,0.05500000000000005,1.1175871e-08,0.02598075,200,200
DROSOPHILA_TRANSFER__DROSOPHILA,95,-0.014999993,-0.05999996,-0.05999996,-0.014999993,0.04499997,-0.04499997,0.08999994,-0.0029999986,-0.0029999986,0.0,0.25,0.0,0.04500000000000004,1.1175871e-08,0.02598075,200,200
DROSOPHILA_TRANSFER__DROSOPHILA,96,-0.018899992,-0.05999996,-0.05999996,-0.018899992,0.04109997,-0.04109997,0.08219994,-0.0029999986,-0.0029999986,0.0,0.315,0.0,0.15500000000000003,1.1175871e-08,0.02787094,200,200
DROSOPHILA_TRANSFER__DROSOPHILA,97,-0.019499991,-0.05999996,-0.05999996,-0.019499991,0.04049997,-0.04049997,0.08099994,-0.0029999986,-0.0029999986,0.0,0.325,0.0,0.135,1.1175871e-08,0.028102478,200,200
DROSOPHILA_TRANSFER__DROSOPHILA,98,-0.020699989,-0.05999996,-0.05999996,-0.020699993,0.039299972,-0.03929997,0.078599945,-0.0029999986,-0.0029999986,0.0,0.345,0.0,0.13,1.1175871e-08,0.028522084,200,200
DROSOPHILA_TRANSFER__DROSOPHILA,99,-0.016199993,-0.05999996,-0.05999996,-0.016199991,0.043799967,-0.04379997,0.08759993,-0.0029999986,-0.0029999986,0.0,0.27,0.0,0.08499999999999996,1.1175871e-08,0.026637554,200,200
HONEYBEE__BEE,0,-0.05999996,-0.046800014,-0.035099983,-0.08000002,-0.013199948,0.044900037,-0.058099985,-0.0029999986,-0.004000001,0.0010000025,0.585,0.0,0.31000000000000005,0.039417773,7.450581e-09,200,200
HONEYBEE__BEE,1,-0.05999996,-0.054800015,-0.041099977,-0.08000002,-0.0051999465,0.038900044,-0.04409999,-0.0029999986,-0.0040000007,0.001000002,0.685,0.0,0.32999999999999996,0.037161276,7.450581e-09,200,200
HONEYBEE__BEE,2,-0.05999996,-0.05240001,-0.03929998,-0.08000002,-0.00759995,0.04070004,-0.04829999,-0.0029999986,-0.004000001,0.0010000025,0.655,0.0,0.32499999999999996,0.03802947,7.450581e-09,200,200
HONEYBEE__BEE,3,-0.05999996,-0.05160001,-0.03869998,-0.08000002,-0.008399952,0.04130004,-0.049699992,-0.0029999986,-0.0040000007,0.001000002,0.645,0.0,0.345,0.038281072,7.450581e-09,200,200
HONEYBEE__BEE,4,-0.05999996,-0.05120001,-0.03839998,-0.08000002,-0.0087999515,0.04160004,-0.050399993,-0.0029999986,-0.004000001,0.0010000025,0.64,0.0,0.33999999999999997,0.038400006,7.450581e-09,200,200
HONEYBEE__BEE,5,-0.05999996,-0.05280001,-0.03959998,-0.08000002,-0.0071999505,0.04040004,-0.04759999,-0.0029999986,-0.0040000007,0.001000002,0.66,0.0,0.33999999999999997,0.037896708,7.450581e-09,200,200
HONEYBEE__BEE,6,-0.05999996,-0.05080001,-0.03809998,-0.08000002,-0.009199951,0.04190004,-0.05109999,-0.0029999986,-0.004000001,0.0010000025,0.635,0.0,0.30000000000000004,0.038514417,7.450581e-09,200,200
HONEYBEE__BEE,7,-0.05999996,-0.04880001,-0.036599983,-0.08000002,-0.011199951,0.043400038,-0.05459999,-0.0029999986,-0.004000001,0.0010000025,0.61,0.0,0.255,0.03902,7.450581e-09,200,200
HONEYBEE__BEE,8,-0.05999996,-0.050400008,-0.037799984,-0.08000002,-0.009599954,0.042200036,-0.05179999,-0.0029999986,-0.004000001,0.0010000025,0.63,0.0,0.29000000000000004,0.03862435,7.450581e-09,200,200
HONEYBEE__BEE,9,-0.05999996,-0.05120001,-0.038399983,-0.08000002,-0.0087999515,0.041600037,-0.05039999,-0.0029999986,-0.004000001,0.0010000025,0.64,0.0,0.26,0.038400006,7.450581e-09,200,200
HONEYBEE__BEE,10,-0.05999996,-0.05080001,-0.03809998,-0.08000002,-0.009199951,0.04190004,-0.05109999,-0.0029999986,-0.0040000007,0.001000002,0.635,0.0,0.29000000000000004,0.03851442,7.450581e-09,200,200
HONEYBEE__BEE,11,-0.05999996,-0.05120001,-0.038399983,-0.08000002,-0.0087999515,0.041600037,-0.05039999,-0.0029999986,-0.004000001,0.0010000025,0.64,0.0,0.32999999999999996,0.038400006,7.450581e-09,200,200
HONEYBEE__BEE,12,-0.05999996,-0.05200001,-0.038999982,-0.08000002,-0.007999953,0.04100004,-0.04899999,-0.0029999986,-0.004000001,0.0010000025,0.65,0.0,0.28500000000000003,0.038157575,7.450581e-09,200,200
HONEYBEE__BEE,13,-0.05999996,-0.056000013,-0.04199998,-0.08000002,-0.0039999485,0.03800004,-0.04199999,-0.0029999986,-0.0040000007,0.001000002,0.7,0.0,0.32999999999999996,0.03666061,7.450581e-09,200,200
HONEYBEE__BEE,14,-0.05999996,-0.05360001,-0.04019998,-0.08000002,-0.006399952,0.03980004,-0.046199992,-0.0029999986,-0.004000001,0.0010000025,0.67,0.0,0.32499999999999996,0.037617024,7.450581e-09,200,200
HONEYBEE__BEE,15,-0.05999996,-0.05120001,-0.038399983,-0.08000002,-0.0087999515,0.041600037,-0.05039999,-0.0029999986,-0.004000001,0.0010000025,0.64,0.0,0.28,0.038400006,7.450581e-09,200,200
HONEYBEE__BEE,16,-0.05999996,-0.056000013,-0.04199998,-0.08000002,-0.0039999485,0.03800004,-0.04199999,-0.0029999986,-0.004000001,0.0010000025,0.7,0.0,0.35,0.03666061,7.450581e-09,200,200
HONEYBEE__BEE,17,-0.05999996,-0.052800007,-0.03959998,-0.08000002,-0.0071999542,0.04040004,-0.047599994,-0.0029999986,-0.0040000007,0.001000002,0.66,0.0,0.30000000000000004,0.037896708,7.450581e-09,200,200
HONEYBEE__BEE,18,-0.05999996,-0.04920001,-0.03689998,-0.08000002,-0.010799952,0.04310004,-0.053899992,-0.0029999986,-0.004000001,0.0010000025,0.615,0.0,0.26,0.038927637,7.450581e-09,200,200
HONEYBEE__BEE,19,-0.05999996,-0.05000001,-0.03749998,-0.08000002,-0.009999953,0.04250004,-0.052499995,-0.0029999986,-0.004000001,0.0010000025,0.625,0.0,0.28,0.038729843,7.450581e-09,200,200
HONEYBEE__BEE,20,-0.05999996,-0.054400016,-0.04079998,-0.08000002,-0.005599946,0.03920004,-0.044799987,-0.0029999986,-0.0040000007,0.001000002,0.68,0.0,0.37,0.0373181,7.450581e-09,200,200
HONEYBEE__BEE,21,-0.05999996,-0.05160001,-0.03869998,-0.08000002,-0.008399952,0.04130004,-0.049699992,-0.0029999986,-0.004000001,0.0010000025,0.645,0.0,0.29500000000000004,0.038281072,7.450581e-09,200,200
HONEYBEE__BEE,22,-0.05999996,-0.05520001,-0.041399978,-0.08000002,-0.004799951,0.038600042,-0.043399993,-0.0029999986,-0.004000001,0.0010000025,0.69,0.0,0.31999999999999995,0.036999468,7.450581e-09,200,200
HONEYBEE__BEE,23,-0.05999996,-0.050400008,-0.037799984,-0.08000002,-0.009599954,0.042200036,-0.05179999,-0.0029999986,-0.0040000007,0.001000002,0.63,0.0,0.28,0.03862435,7.450581e-09,200,200
HONEYBEE__BEE,24,-0.05999996,-0.054400012,-0.04079998,-0.08000002,-0.0055999495,0.03920004,-0.04479999,-0.0029999986,-0.0040000007,0.001000002,0.68,0.0,0.29500000000000004,0.0373181,7.450581e-09,200,200
HONEYBEE__BEE,25,-0.05999996,-0.054400012,-0.04079998,-0.08000002,-0.0055999495,0.03920004,-0.04479999,-0.0029999986,-0.004000001,0.0010000025,0.68,0.0,0.365,0.0373181,7.450581e-09,200,200
HONEYBEE__BEE,26,-0.05999996,-0.055200014,-0.041399978,-0.08000002,-0.004799947,0.038600042,-0.04339999,-0.0029999986,-0.0040000007,0.001000002,0.69,0.0,0.345,0.036999468,7.450581e-09,200,200
HONEYBEE__BEE,27,-0.05999996,-0.04920001,-0.03689998,-0.08000002,-0.010799952,0.04310004,-0.053899992,-0.0029999986,-0.0040000007,0.001000002,0.615,0.0,0.28500000000000003,0.03892763,7.450581e-09,200,200
HONEYBEE__BEE,28,-0.05999996,-0.04760001,-0.035699982,-0.08000002,-0.012399953,0.04430004,-0.05669999,-0.0029999986,-0.0040000007,0.001000002,0.595,0.0,0.245,0.039271373,7.450581e-09,200,200
HONEYBEE__BEE,29,-0.05999996,-0.04920001,-0.03689998,-0.08000002,-0.010799952,0.04310004,-0.053899992,-0.0029999986,-0.004000001,0.0010000025,0.615,0.0,0.25,0.03892763,7.450581e-09,200,200
HONEYBEE__BEE,30,-0.05999996,-0.050400008,-0.037799984,-0.08000002,-0.009599954,0.042200036,-0.05179999,-0.0029999986,-0.004000001,0.0010000025,0.63,0.0,0.36,0.03862435,7.450581e-09,200,200
HONEYBEE__BEE,31,-0.05999996,-0.05520001,-0.041399978,-0.08000002,-0.004799951,0.038600042,-0.043399993,-0.0029999986,-0.0040000007,0.001000002,0.69,0.0,0.28,0.036999468,7.450581e-09,200,200
HONEYBEE__BEE,32,-0.05999996,-0.056000013,-0.04199998,-0.08000002,-0.0039999485,0.03800004,-0.04199999,-0.0029999986,-0.0040000007,0.001000002,0.7,0.0,0.33499999999999996,0.03666061,7.450581e-09,200,200
HONEYBEE__BEE,33,-0.05999996,-0.059600014,-0.044699974,-0.08000002,-0.00039994717,0.035300046,-0.035699993,-0.0029999986,-0.004000001,0.0010000025,0.745,0.0,0.32999999999999996,0.0348689,7.450581e-09,200,200
HONEYBEE__BEE,34,-0.05999996,-0.05080001,-0.03809998,-0.08000002,-0.009199951,0.04190004,-0.05109999,-0.0029999986,-0.004000001,0.0010000025,0.635,0.0,0.30500000000000005,0.03851442,7.450581e-09,200,200
HONEYBEE__BEE,35,-0.05999996,-0.044800006,-0.033599984,-0.08000002,-0.015199956,0.046400037,-0.061599992,-0.0029999986,-0.0040000007,0.001000002,0.56,0.0,0.245,0.03971096,7.450581e-09,200,200
HONEYBEE__BEE,36,-0.05999996,-0.045200005,-0.033899985,-0.08000002,-0.014799956,0.046100035,-0.06089999,-0.0029999986,-0.004000001,0.0010000025,0.565,0.0,0.27,0.03966056,7.450581e-09,200,200
HONEYBEE__BEE,37,-0.05999996,-0.05360001,-0.04019998,-0.08000002,-0.006399952,0.03980004,-0.046199992,-0.0029999986,-0.0040000007,0.001000002,0.67,0.0,0.28500000000000003,0.037617024,7.450581e-09,200,200
HONEYBEE__BEE,38,-0.05999996,-0.052400008,-0.03929998,-0.08000002,-0.0075999536,0.04070004,-0.048299994,-0.0029999986,-0.004000001,0.0010000025,0.655,0.0,0.28500000000000003,0.03802947,7.450581e-09,200,200
HONEYBEE__BEE,39,-0.05999996,-0.04960001,-0.037199985,-0.08000002,-0.0103999525,0.042800035,-0.053199988,-0.0029999986,-0.0040000007,0.001000002,0.62,0.0,0.29000000000000004,0.038830925,7.450581e-09,200,200
HONEYBEE__BEE,40,-0.05999996,-0.05400001,-0.04049998,-0.08000002,-0.0059999526,0.03950004,-0.04549999,-0.0029999986,-0.004000001,0.0010000025,0.675,0.0,0.31000000000000005,0.037469994,7.450581e-09,200,200
HONEYBEE__BEE,41,-0.05999996,-0.054400016,-0.04079998,-0.08000002,-0.005599946,0.03920004,-0.044799987,-0.0029999986,-0.0040000007,0.001000002,0.68,0.0,0.32499999999999996,0.0373181,7.450581e-09,200,200
HONEYBEE__BEE,42,-0.05999996,-0.05480001,-0.041099977,-0.08000002,-0.00519995,0.038900044,-0.044099994,-0.0029999986,-0.0040000007,0.001000002,0.685,0.0,0.33499999999999996,0.037161276,7.450581e-09,200,200
HONEYBEE__BEE,43,-0.05999996,-0.05080001,-0.03809998,-0.08000002,-0.009199951,0.04190004,-0.05109999,-0.0029999986,-0.004000001,0.0010000025,0.635,0.0,0.245,0.03851442,7.450581e-09,200,200
HONEYBEE__BEE,44,-0.05999996,-0.052400008,-0.03929998,-0.08000002,-0.0075999536,0.04070004,-0.048299994,-0.0029999986,-0.0040000007,0.001000002,0.655,0.0,0.32999999999999996,0.03802947,7.450581e-09,200,200
HONEYBEE__BEE,45,-0.05999996,-0.05200001,-0.038999982,-0.08000002,-0.007999953,0.04100004,-0.04899999,-0.0029999986,-0.004000001,0.0010000025,0.65,0.0,0.32999999999999996,0.038157575,7.450581e-09,200,200
HONEYBEE__BEE,46,-0.05999996,-0.05320001,-0.03989998,-0.08000002,-0.006799951,0.04010004,-0.046899993,-0.0029999986,-0.004000001,0.0010000025,0.665,0.0,0.32999999999999996,0.03775924,7.450581e-09,200,200
HONEYBEE__BEE,47,-0.05999996,-0.054400016,-0.04079998,-0.08000002,-0.005599946,0.03920004,-0.044799987,-0.0029999986,-0.004000001,0.0010000025,0.68,0.0,0.33999999999999997,0.0373181,7.450581e-09,200,200
HONEYBEE__BEE,48,-0.05999996,-0.04800001,-0.035999984,-0.08000002,-0.01199995,0.044000037,-0.055999987,-0.0029999986,-0.004000001,0.0010000025,0.6,0.0,0.31499999999999995,0.039191846,7.450581e-09,200,200
HONEYBEE__BEE,49,-0.05999996,-0.054400016,-0.04079998,-0.08000002,-0.005599946,0.03920004,-0.044799987,-0.0029999986,-0.004000001,0.0010000025,0.68,0.0,0.30000000000000004,0.0373181,7.450581e-09,200,200
HONEYBEE__BEE,50,-0.05999996,-0.04880001,-0.036599983,-0.08000002,-0.011199951,0.043400038,-0.05459999,-0.0029999986,-0.004000001,0.0010000025,0.61,0.0,0.29000000000000004,0.03902,7.450581e-09,200,200
HONEYBEE__BEE,51,-0.05999996,-0.05160001,-0.03869998,-0.08000002,-0.008399952,0.04130004,-0.049699992,-0.0029999986,-0.004000001,0.0010000025,0.645,0.0,0.28,0.038281072,7.450581e-09,200,200
HONEYBEE__BEE,52,-0.05999996,-0.052400008,-0.03929998,-0.08000002,-0.0075999536,0.04070004,-0.048299994,-0.0029999986,-0.004000001,0.0010000025,0.655,0.0,0.32499999999999996,0.03802947,7.450581e-09,200,200
HONEYBEE__BEE,53,-0.05999996,-0.055600014,-0.041699983,-0.08000002,-0.004399948,0.038300037,-0.042699985,-0.0029999986,-0.0040000007,0.001000002,0.695,0.0,0.29500000000000004,0.0368326,7.450581e-09,200,200
HONEYBEE__BEE,54,-0.05999996,-0.055600014,-0.041699983,-0.08000002,-0.004399948,0.038300037,-0.042699985,-0.0029999986,-0.0040000007,0.001000002,0.695,0.0,0.37,0.0368326,7.450581e-09,200,200
HONEYBEE__BEE,55,-0.05999996,-0.056400012,-0.042299975,-0.08000002,-0.0035999492,0.037700046,-0.041299995,-0.0029999986,-0.004000001,0.0010000025,0.705,0.0,0.35,0.03648343,7.450581e-09,200,200
HONEYBEE__BEE,56,-0.05999996,-0.05120001,-0.038399983,-0.08000002,-0.0087999515,0.041600037,-0.05039999,-0.0029999986,-0.0040000007,0.001000002,0.64,0.0,0.31000000000000005,0.038400006,7.450581e-09,200,200
HONEYBEE__BEE,57,-0.05999996,-0.055200014,-0.041399978,-0.08000002,-0.004799947,0.038600042,-0.04339999,-0.0029999986,-0.004000001,0.0010000025,0.69,0.0,0.30500000000000005,0.036999464,7.450581e-09,200,200
HONEYBEE__BEE,58,-0.05999996,-0.05000001,-0.03749998,-0.08000002,-0.009999953,0.04250004,-0.052499995,-0.0029999986,-0.004000001,0.0010000025,0.625,0.0,0.32499999999999996,0.03872984,7.450581e-09,200,200
HONEYBEE__BEE,59,-0.05999996,-0.05160001,-0.03869998,-0.08000002,-0.008399952,0.04130004,-0.049699992,-0.0029999986,-0.0040000007,0.001000002,0.645,0.0,0.31000000000000005,0.038281072,7.450581e-09,200,200
HONEYBEE__BEE,60,-0.05999996,-0.05120001,-0.038399983,-0.08000002,-0.0087999515,0.041600037,-0.05039999,-0.0029999986,-0.004000001,0.0010000025,0.64,0.0,0.29500000000000004,0.038400006,7.450581e-09,200,200
HONEYBEE__BEE,61,-0.05999996,-0.05280001,-0.03959998,-0.08000002,-0.0071999505,0.04040004,-0.04759999,-0.0029999986,-0.004000001,0.0010000025,0.66,0.0,0.29500000000000004,0.037896708,7.450581e-09,200,200
HONEYBEE__BEE,62,-0.05999996,-0.05000001,-0.037499983,-0.08000002,-0.009999953,0.042500038,-0.05249999,-0.0029999986,-0.0040000007,0.001000002,0.625,0.0,0.28500000000000003,0.038729843,7.450581e-09,200,200
HONEYBEE__BEE,63,-0.05999996,-0.053600006,-0.04019998,-0.08000002,-0.0063999556,0.03980004,-0.046199996,-0.0029999986,-0.004000001,0.0010000025,0.67,0.0,0.26,0.037617024,7.450581e-09,200,200
HONEYBEE__BEE,64,-0.05999996,-0.04800001,-0.035999984,-0.08000002,-0.01199995,0.044000037,-0.055999987,-0.0029999986,-0.0040000007,0.001000002,0.6,0.0,0.29000000000000004,0.039191842,7.450581e-09,200,200
HONEYBEE__BEE,65,-0.05999996,-0.05560001,-0.041699983,-0.08000002,-0.0043999515,0.038300037,-0.04269999,-0.0029999986,-0.004000001,0.0010000025,0.695,0.0,0.35,0.0368326,7.450581e-09,200,200
HONEYBEE__BEE,66,-0.05999996,-0.04760001,-0.035699982,-0.08000002,-0.012399953,0.04430004,-0.05669999,-0.0029999986,-0.004000001,0.0010000025,0.595,0.0,0.22499999999999998,0.03927137,7.450581e-09,200,200
HONEYBEE__BEE,67,-0.05999996,-0.05280001,-0.03959998,-0.08000002,-0.0071999505,0.04040004,-0.04759999,-0.0029999986,-0.004000001,0.0010000025,0.66,0.0,0.29500000000000004,0.037896708,7.450581e-09,200,200
HONEYBEE__BEE,68,-0.05999996,-0.055600014,-0.041699983,-0.08000002,-0.004399948,0.038300037,-0.042699985,-0.0029999986,-0.004000001,0.0010000025,0.695,0.0,0.29500000000000004,0.0368326,7.450581e-09,200,200
HONEYBEE__BEE,69,-0.05999996,-0.052400008,-0.03929998,-0.08000002,-0.0075999536,0.04070004,-0.048299994,-0.0029999986,-0.0040000007,0.001000002,0.655,0.0,0.30000000000000004,0.03802947,7.450581e-09,200,200
HONEYBEE__BEE,70,-0.05999996,-0.04920001,-0.03689998,-0.08000002,-0.010799952,0.04310004,-0.053899992,-0.0029999986,-0.0040000007,0.001000002,0.615,0.0,0.31999999999999995,0.03892763,7.450581e-09,200,200
HONEYBEE__BEE,71,-0.05999996,-0.05400001,-0.04049998,-0.08000002,-0.0059999526,0.03950004,-0.04549999,-0.0029999986,-0.004000001,0.0010000025,0.675,0.0,0.355,0.037469994,7.450581e-09,200,200
HONEYBEE__BEE,72,-0.05999996,-0.05200001,-0.038999982,-0.08000002,-0.007999953,0.04100004,-0.04899999,-0.0029999986,-0.004000001,0.0010000025,0.65,0.0,0.28,0.038157575,7.450581e-09,200,200
HONEYBEE__BEE,73,-0.05999996,-0.05240001,-0.03929998,-0.08000002,-0.00759995,0.04070004,-0.04829999,-0.0029999986,-0.0040000007,0.001000002,0.655,0.0,0.32999999999999996,0.03802947,7.450581e-09,200,200
HONEYBEE__BEE,74,-0.05999996,-0.05120001,-0.038399983,-0.08000002,-0.0087999515,0.041600037,-0.05039999,-0.0029999986,-0.0040000007,0.001000002,0.64,0.0,0.29500000000000004,0.038400006,7.450581e-09,200,200
HONEYBEE__BEE,75,-0.05999996,-0.05360001,-0.04019998,-0.08000002,-0.006399952,0.03980004,-0.046199992,-0.0029999986,-0.0040000007,0.001000002,0.67,0.0,0.31999999999999995,0.037617024,7.450581e-09,200,200
HONEYBEE__BEE,76,-0.05999996,-0.055600014,-0.041699983,-0.08000002,-0.004399948,0.038300037,-0.042699985,-0.0029999986,-0.004000001,0.0010000025,0.695,0.0,0.355,0.0368326,7.450581e-09,200,200
HONEYBEE__BEE,77,-0.05999996,-0.05400001,-0.04049998,-0.08000002,-0.0059999526,0.03950004,-0.04549999,-0.0029999986,-0.0040000007,0.001000002,0.675,0.0,0.32999999999999996,0.037469994,7.450581e-09,200,200
HONEYBEE__BEE,78,-0.05999996,-0.05320001,-0.039899983,-0.08000002,-0.006799951,0.040100038,-0.04689999,-0.0029999986,-0.004000001,0.0010000025,0.665,0.0,0.35,0.03775924,7.450581e-09,200,200
HONEYBEE__BEE,79,-0.05999996,-0.049200006,-0.03689998,-0.08000002,-0.010799956,0.04310004,-0.053899996,-0.0029999986,-0.0040000007,0.001000002,0.615,0.0,0.29000000000000004,0.03892763,7.450581e-09,200,200
HONEYBEE__BEE,80,-0.05999996,-0.052400008,-0.03929998,-0.08000002,-0.0075999536,0.04070004,-0.048299994,-0.0029999986,-0.004000001,0.0010000025,0.655,0.0,0.32499999999999996,0.03802947,7.450581e-09,200,200
HONEYBEE__BEE,81,-0.05999996,-0.04960001,-0.037199985,-0.08000002,-0.0103999525,0.042800035,-0.053199988,-0.0029999986,-0.004000001,0.0010000025,0.62,0.0,0.29500000000000004,0.038830925,7.450581e-09,200,200
HONEYBEE__BEE,82,-0.05999996,-0.055200014,-0.041399978,-0.08000002,-0.004799947,0.038600042,-0.04339999,-0.0029999986,-0.004000001,0.0010000025,0.69,0.0,0.31000000000000005,0.036999468,7.450581e-09,200,200
HONEYBEE__BEE,83,-0.05999996,-0.052800007,-0.03959998,-0.08000002,-0.0071999542,0.04040004,-0.047599994,-0.0029999986,-0.0040000007,0.001000002,0.66,0.0,0.28,0.037896708,7.450581e-09,200,200
HONEYBEE__BEE,84,-0.05999996,-0.05320001,-0.039899983,-0.08000002,-0.006799951,0.040100038,-0.04689999,-0.0029999986,-0.004000001,0.0010000025,0.665,0.0,0.33499999999999996,0.03775924,7.450581e-09,200,200
HONEYBEE__BEE,85,-0.05999996,-0.055200014,-0.041399978,-0.08000002,-0.004799947,0.038600042,-0.04339999,-0.0029999986,-0.004000001,0.0010000025,0.69,0.0,0.30000000000000004,0.036999468,7.450581e-09,200,200
HONEYBEE__BEE,86,-0.05999996,-0.05200001,-0.038999982,-0.08000002,-0.007999953,0.04100004,-0.04899999,-0.0029999986,-0.004000001,0.0010000025,0.65,0.0,0.345,0.038157575,7.450581e-09,200,200
HONEYBEE__BEE,87,-0.05999996,-0.05080001,-0.03809998,-0.08000002,-0.009199951,0.04190004,-0.05109999,-0.0029999986,-0.004000001,0.0010000025,0.635,0.0,0.235,0.03851442,7.450581e-09,200,200
HONEYBEE__BEE,88,-0.05999996,-0.05200001,-0.038999982,-0.08000002,-0.007999953,0.04100004,-0.04899999,-0.0029999986,-0.004000001,0.0010000025,0.65,0.0,0.30500000000000005,0.038157575,7.450581e-09,200,200
HONEYBEE__BEE,89,-0.05999996,-0.053600006,-0.04019998,-0.08000002,-0.0063999556,0.03980004,-0.046199996,-0.0029999986,-0.004000001,0.0010000025,0.67,0.0,0.345,0.037617028,7.450581e-09,200,200
HONEYBEE__BEE,90,-0.05999996,-0.044400007,-0.033299986,-0.08000002,-0.015599955,0.046700034,-0.06229999,-0.0029999986,-0.004000001,0.0010000025,0.555,0.0,0.235,0.039757267,7.450581e-09,200,200
HONEYBEE__BEE,91,-0.05999996,-0.052400008,-0.03929998,-0.08000002,-0.0075999536,0.04070004,-0.048299994,-0.0029999986,-0.0040000007,0.001000002,0.655,0.0,0.32499999999999996,0.03802947,7.450581e-09,200,200
HONEYBEE__BEE,92,-0.05999996,-0.052800007,-0.03959998,-0.08000002,-0.0071999542,0.04040004,-0.047599994,-0.0029999986,-0.0040000007,0.001000002,0.66,0.0,0.375,0.037896708,7.450581e-09,200,200
HONEYBEE__BEE,93,-0.05999996,-0.05720001,-0.04289998,-0.08000002,-0.0027999505,0.03710004,-0.03989999,-0.0029999986,-0.004000001,0.0010000025,0.715,0.0,0.33999999999999997,0.03611316,7.450581e-09,200,200
HONEYBEE__BEE,94,-0.05999996,-0.052000012,-0.038999982,-0.08000002,-0.007999949,0.04100004,-0.048999988,-0.0029999986,-0.004000001,0.0010000025,0.65,0.0,0.255,0.038157575,7.450581e-09,200,200
HONEYBEE__BEE,95,-0.05999996,-0.050400008,-0.037799984,-0.08000002,-0.009599954,0.042200036,-0.05179999,-0.0029999986,-0.004000001,0.0010000025,0.63,0.0,0.29500000000000004,0.03862435,7.450581e-09,200,200
HONEYBEE__BEE,96,-0.05999996,-0.052000012,-0.038999982,-0.08000002,-0.007999949,0.04100004,-0.048999988,-0.0029999986,-0.004000001,0.0010000025,0.65,0.0,0.31000000000000005,0.038157575,7.450581e-09,200,200
HONEYBEE__BEE,97,-0.05999996,-0.05160001,-0.03869998,-0.08000002,-0.008399952,0.04130004,-0.049699992,-0.0029999986,-0.004000001,0.0010000025,0.645,0.0,0.32499999999999996,0.038281072,7.450581e-09,200,200
HONEYBEE__BEE,98,-0.05999996,-0.052400008,-0.03929998,-0.08000002,-0.0075999536,0.04070004,-0.048299994,-0.0029999986,-0.0040000007,0.001000002,0.655,0.0,0.32999999999999996,0.03802947,7.450581e-09,200,200
HONEYBEE__BEE,99,-0.05999996,-0.052800007,-0.03959998,-0.08000002,-0.0071999542,0.04040004,-0.047599994,-0.0029999986,-0.004000001,0.0010000025,0.66,0.0,0.29000000000000004,0.037896708,7.450581e-09,200,200
HONEYBEE__DROSOPHILA,0,-0.02159999,-0.05999996,-0.05999996,-0.021599991,0.038399972,-0.038399972,0.076799944,-0.0029999986,-0.0029999986,0.0,0.36,0.0,0.09999999999999998,1.1175871e-08,0.028799985,200,200
HONEYBEE__DROSOPHILA,1,-0.023999989,-0.05999996,-0.05999996,-0.023999989,0.035999972,-0.035999972,0.071999945,-0.0029999986,-0.0029999986,0.0,0.4,0.0,0.09499999999999997,1.1175871e-08,0.029393865,200,200
HONEYBEE__DROSOPHILA,2,-0.02309999,-0.05999996,-0.05999996,-0.02309999,0.03689997,-0.03689997,0.07379994,-0.0029999986,-0.0029999986,0.0,0.385,0.0,0.06000000000000005,1.1175871e-08,0.029195705,200,200
HONEYBEE__DROSOPHILA,3,-0.02339999,-0.05999996,-0.05999996,-0.023399986,0.03659997,-0.036599975,0.07319994,-0.0029999986,-0.0029999986,0.0,0.39,0.0,0.09499999999999997,1.1175871e-08,0.029264983,200,200
HONEYBEE__DROSOPHILA,4,-0.023999989,-0.05999996,-0.05999996,-0.023999989,0.035999972,-0.035999972,0.071999945,-0.0029999986,-0.0029999986,0.0,0.4,0.0,0.09999999999999998,1.1175871e-08,0.029393865,200,200
HONEYBEE__DROSOPHILA,5,-0.024299989,-0.05999996,-0.05999996,-0.024299989,0.03569997,-0.03569997,0.07139994,-0.0029999986,-0.0029999986,0.0,0.405,0.0,0.08999999999999997,1.1175871e-08,0.029453509,200,200
HONEYBEE__DROSOPHILA,6,-0.02309999,-0.05999996,-0.05999996,-0.02309999,0.03689997,-0.03689997,0.07379994,-0.0029999986,-0.0029999986,0.0,0.385,0.0,0.12,1.1175871e-08,0.029195707,200,200
HONEYBEE__DROSOPHILA,7,-0.025499988,-0.05999996,-0.05999996,-0.02549999,0.034499973,-0.034499973,0.068999946,-0.0029999986,-0.0029999986,0.0,0.425,0.0,0.06999999999999995,1.1175871e-08,0.029660566,200,200
HONEYBEE__DROSOPHILA,8,-0.02519999,-0.05999996,-0.05999996,-0.025199987,0.03479997,-0.034799974,0.06959994,-0.0029999986,-0.0029999986,0.0,0.42,0.0,0.10999999999999999,1.1175871e-08,0.029613495,200,200
HONEYBEE__DROSOPHILA,9,-0.027599989,-0.05999996,-0.05999996,-0.027599989,0.032399975,-0.032399975,0.06479995,-0.0029999986,-0.0029999986,0.0,0.46,0.0,0.08999999999999997,1.1175871e-08,0.029903833,200,200
HONEYBEE__DROSOPHILA,10,-0.02339999,-0.05999996,-0.05999996,-0.02339999,0.03659997,-0.03659997,0.07319994,-0.0029999986,-0.0029999986,0.0,0.39,0.0,0.08499999999999996,1.1175871e-08,0.029264985,200,200
HONEYBEE__DROSOPHILA,11,-0.020699989,-0.05999996,-0.05999996,-0.020699989,0.039299972,-0.039299972,0.078599945,-0.0029999986,-0.0029999986,0.0,0.345,0.0,0.09999999999999998,1.1175871e-08,0.028522084,200,200
HONEYBEE__DROSOPHILA,12,-0.024899988,-0.05999996,-0.05999996,-0.024899988,0.035099976,-0.035099976,0.07019995,-0.0029999986,-0.0029999986,0.0,0.415,0.0,0.05500000000000005,1.1175871e-08,0.029563306,200,200
HONEYBEE__DROSOPHILA,13,-0.02579999,-0.05999996,-0.05999996,-0.02579999,0.03419997,-0.03419997,0.06839994,-0.0029999986,-0.0029999986,0.0,0.43,0.0,0.10999999999999999,1.1175871e-08,0.029704532,200,200
HONEYBEE__DROSOPHILA,14,-0.023999989,-0.05999996,-0.05999996,-0.023999989,0.035999972,-0.035999972,0.071999945,-0.0029999986,-0.0029999986,0.0,0.4,0.0,0.08499999999999996,1.1175871e-08,0.029393865,200,200
HONEYBEE__DROSOPHILA,15,-0.025199987,-0.05999996,-0.05999996,-0.025199987,0.034799974,-0.034799974,0.06959995,-0.0029999986,-0.0029999986,0.0,0.42,0.0,0.07499999999999996,1.1175871e-08,0.029613495,200,200
HONEYBEE__DROSOPHILA,16,-0.025799988,-0.05999996,-0.05999996,-0.02579999,0.034199975,-0.03419997,0.06839995,-0.0029999986,-0.0029999986,0.0,0.43,0.0,0.12,1.1175871e-08,0.029704532,200,200
HONEYBEE__DROSOPHILA,17,-0.024599988,-0.05999996,-0.05999996,-0.024599988,0.035399973,-0.035399973,0.07079995,-0.0029999986,-0.0029999986,0.0,0.41,0.0,0.06000000000000005,1.1175871e-08,0.029509986,200,200
HONEYBEE__DROSOPHILA,18,-0.024599988,-0.05999996,-0.05999996,-0.024599988,0.035399973,-0.035399973,0.07079995,-0.0029999986,-0.0029999986,0.0,0.41,0.0,0.10999999999999999,1.1175871e-08,0.029509986,200,200
HONEYBEE__DROSOPHILA,19,-0.023999989,-0.05999996,-0.05999996,-0.023999989,0.035999972,-0.035999972,0.071999945,-0.0029999986,-0.0029999986,0.0,0.4,0.0,0.07499999999999996,1.1175871e-08,0.029393865,200,200
HONEYBEE__DROSOPHILA,20,-0.024299989,-0.05999996,-0.05999996,-0.024299989,0.03569997,-0.03569997,0.07139994,-0.0029999986,-0.0029999986,0.0,0.405,0.0,0.09999999999999998,1.1175871e-08,0.02945351,200,200
HONEYBEE__DROSOPHILA,21,-0.025799988,-0.05999996,-0.05999996,-0.02579999,0.034199975,-0.03419997,0.06839995,-0.0029999986,-0.0029999986,0.0,0.43,0.0,0.12,1.1175871e-08,0.029704532,200,200
HONEYBEE__DROSOPHILA,22,-0.02579999,-0.05999996,-0.05999996,-0.025799988,0.03419997,-0.034199975,0.06839995,-0.0029999986,-0.0029999986,0.0,0.43,0.0,0.06000000000000005,1.1175871e-08,0.029704532,200,200
HONEYBEE__DROSOPHILA,23,-0.023399986,-0.05999996,-0.05999996,-0.02339999,0.036599975,-0.03659997,0.07319994,-0.0029999986,-0.0029999986,0.0,0.39,0.0,0.07999999999999996,1.1175871e-08,0.029264983,200,200
HONEYBEE__DROSOPHILA,24,-0.026399989,-0.05999996,-0.05999996,-0.026399989,0.033599973,-0.033599973,0.067199945,-0.0029999986,-0.0029999986,0.0,0.44,0.0,0.10999999999999999,1.1175871e-08,0.0297832,200,200
HONEYBEE__DROSOPHILA,25,-0.023999989,-0.05999996,-0.05999996,-0.023999989,0.035999972,-0.035999972,0.071999945,-0.0029999986,-0.0029999986,0.0,0.4,0.0,0.09999999999999998,1.1175871e-08,0.029393865,200,200
HONEYBEE__DROSOPHILA,26,-0.02579999,-0.05999996,-0.05999996,-0.02579999,0.03419997,-0.03419997,0.06839994,-0.0029999986,-0.0029999986,0.0,0.43,0.0,0.09499999999999997,1.1175871e-08,0.029704532,200,200
HONEYBEE__DROSOPHILA,27,-0.024299989,-0.05999996,-0.05999996,-0.024299989,0.03569997,-0.03569997,0.07139994,-0.0029999986,-0.0029999986,0.0,0.405,0.0,0.09499999999999997,1.1175871e-08,0.029453509,200,200
HONEYBEE__DROSOPHILA,28,-0.02339999,-0.05999996,-0.05999996,-0.023399986,0.03659997,-0.036599975,0.07319994,-0.0029999986,-0.0029999986,0.0,0.39,0.0,0.08499999999999996,1.1175871e-08,0.029264983,200,200
HONEYBEE__DROSOPHILA,29,-0.023999989,-0.05999996,-0.05999996,-0.023999989,0.035999972,-0.035999972,0.071999945,-0.0029999986,-0.0029999986,0.0,0.4,0.0,0.07499999999999996,1.1175871e-08,0.029393865,200,200
HONEYBEE__DROSOPHILA,30,-0.024599988,-0.05999996,-0.05999996,-0.024599992,0.035399973,-0.03539997,0.07079995,-0.0029999986,-0.0029999986,0.0,0.41,0.0,0.14,1.1175871e-08,0.029509986,200,200
HONEYBEE__DROSOPHILA,31,-0.028499987,-0.05999996,-0.05999996,-0.028499987,0.031499974,-0.031499974,0.06299995,-0.0029999986,-0.0029999986,0.0,0.475,0.0,0.08499999999999996,1.1175871e-08,0.029962463,200,200
HONEYBEE__DROSOPHILA,32,-0.029399985,-0.05999996,-0.05999996,-0.029399985,0.030599976,-0.030599976,0.061199952,-0.0029999986,-0.0029999986,0.0,0.49,0.0,0.125,1.1175871e-08,0.029993987,200,200
HONEYBEE__DROSOPHILA,33,-0.029999986,-0.05999996,-0.05999996,-0.029999986,0.029999975,-0.029999975,0.05999995,-0.0029999986,-0.0029999986,0.0,0.5,0.0,0.08499999999999996,1.1175871e-08,0.029999988,200,200
HONEYBEE__DROSOPHILA,34,-0.02309999,-0.05999996,-0.05999996,-0.02309999,0.03689997,-0.03689997,0.07379994,-0.0029999986,-0.0029999986,0.0,0.385,0.0,0.06999999999999995,1.1175871e-08,0.029195707,200,200
HONEYBEE__DROSOPHILA,35,-0.02189999,-0.05999996,-0.05999996,-0.02189999,0.03809997,-0.03809997,0.07619994,-0.0029999986,-0.0029999986,0.0,0.365,0.0,0.09999999999999998,1.1175871e-08,0.028885797,200,200
HONEYBEE__DROSOPHILA,36,-0.02339999,-0.05999996,-0.05999996,-0.023399986,0.03659997,-0.036599975,0.07319994,-0.0029999986,-0.0029999986,0.0,0.39,0.0,0.10999999999999999,1.1175871e-08,0.029264983,200,200
HONEYBEE__DROSOPHILA,37,-0.02519999,-0.05999996,-0.05999996,-0.025199987,0.03479997,-0.034799974,0.06959994,-0.0029999986,-0.0029999986,0.0,0.42,0.0,0.03500000000000003,1.1175871e-08,0.029613497,200,200
HONEYBEE__DROSOPHILA,38,-0.028499985,-0.05999996,-0.05999996,-0.028499985,0.031499974,-0.031499974,0.06299995,-0.0029999986,-0.0029999986,0.0,0.475,0.0,0.10499999999999998,1.1175871e-08,0.029962465,200,200
HONEYBEE__DROSOPHILA,39,-0.025499988,-0.05999996,-0.05999996,-0.025499988,0.034499973,-0.034499973,0.068999946,-0.0029999986,-0.0029999986,0.0,0.425,0.0,0.10499999999999998,1.1175871e-08,0.029660566,200,200
HONEYBEE__DROSOPHILA,40,-0.027299985,-0.05999996,-0.05999996,-0.027299985,0.032699976,-0.032699976,0.06539995,-0.0029999986,-0.0029999986,0.0,0.455,0.0,0.14,1.1175871e-08,0.029878238,200,200
HONEYBEE__DROSOPHILA,41,-0.02579999,-0.05999996,-0.05999996,-0.025799988,0.03419997,-0.034199975,0.06839995,-0.0029999986,-0.0029999986,0.0,0.43,0.0,0.07499999999999996,1.1175871e-08,0.029704532,200,200
HONEYBEE__DROSOPHILA,42,-0.025799988,-0.05999996,-0.05999996,-0.025799988,0.034199975,-0.034199975,0.06839995,-0.0029999986,-0.0029999986,0.0,0.43,0.0,0.135,1.1175871e-08,0.029704532,200,200
HONEYBEE__DROSOPHILA,43,-0.027299985,-0.05999996,-0.05999996,-0.027299989,0.032699976,-0.032699972,0.065399945,-0.0029999986,-0.0029999986,0.0,0.455,0.0,0.07999999999999996,1.1175871e-08,0.029878238,200,200
HONEYBEE__DROSOPHILA,44,-0.02159999,-0.05999996,-0.05999996,-0.02159999,0.038399972,-0.038399972,0.076799944,-0.0029999986,-0.0029999986,0.0,0.36,0.0,0.09999999999999998,1.1175871e-08,0.028799985,200,200
HONEYBEE__DROSOPHILA,45,-0.02189999,-0.05999996,-0.05999996,-0.02189999,0.03809997,-0.03809997,0.07619994,-0.0029999986,-0.0029999986,0.0,0.365,0.0,0.09499999999999997,1.1175871e-08,0.028885799,200,200
HONEYBEE__DROSOPHILA,46,-0.025799988,-0.05999996,-0.05999996,-0.025799988,0.034199975,-0.034199975,0.06839995,-0.0029999986,-0.0029999986,0.0,0.43,0.0,0.10499999999999998,1.1175871e-08,0.029704532,200,200
HONEYBEE__DROSOPHILA,47,-0.022499988,-0.05999996,-0.05999996,-0.022499988,0.03749997,-0.03749997,0.07499994,-0.0029999986,-0.0029999986,0.0,0.375,0.0,0.09499999999999997,1.1175871e-08,0.02904736,200,200
HONEYBEE__DROSOPHILA,48,-0.01979999,-0.05999996,-0.05999996,-0.01979999,0.040199973,-0.040199973,0.080399945,-0.0029999986,-0.0029999986,0.0,0.33,0.0,0.04500000000000004,1.1175871e-08,0.028212748,200,200
HONEYBEE__DROSOPHILA,49,-0.025799988,-0.05999996,-0.05999996,-0.025799988,0.034199975,-0.034199975,0.06839995,-0.0029999986,-0.0029999986,0.0,0.43,0.0,0.08999999999999997,1.1175871e-08,0.029704532,200,200
HONEYBEE__DROSOPHILA,50,-0.02009999,-0.05999996,-0.05999996,-0.02009999,0.03989997,-0.03989997,0.07979994,-0.0029999986,-0.0029999986,0.0,0.335,0.0,0.10499999999999998,1.1175871e-08,0.028319415,200,200
HONEYBEE__DROSOPHILA,51,-0.025499988,-0.05999996,-0.05999996,-0.025499988,0.034499973,-0.034499973,0.068999946,-0.0029999986,-0.0029999986,0.0,0.425,0.0,0.10999999999999999,1.1175871e-08,0.029660566,200,200
HONEYBEE__DROSOPHILA,52,-0.024599988,-0.05999996,-0.05999996,-0.024599986,0.035399973,-0.035399973,0.07079995,-0.0029999986,-0.0029999986,0.0,0.41,0.0,0.10999999999999999,1.1175871e-08,0.029509986,200,200
HONEYBEE__DROSOPHILA,53,-0.027599989,-0.05999996,-0.05999996,-0.027599989,0.032399975,-0.032399975,0.06479995,-0.0029999986,-0.0029999986,0.0,0.46,0.0,0.10999999999999999,1.1175871e-08,0.029903833,200,200
HONEYBEE__DROSOPHILA,54,-0.023399986,-0.05999996,-0.05999996,-0.023399986,0.036599975,-0.036599975,0.07319995,-0.0029999986,-0.0029999986,0.0,0.39,0.0,0.10999999999999999,1.1175871e-08,0.029264983,200,200
HONEYBEE__DROSOPHILA,55,-0.02339999,-0.05999996,-0.05999996,-0.02339999,0.03659997,-0.03659997,0.07319994,-0.0029999986,-0.0029999986,0.0,0.39,0.0,0.10499999999999998,1.1175871e-08,0.029264983,200,200
HONEYBEE__DROSOPHILA,56,-0.025499988,-0.05999996,-0.05999996,-0.025499988,0.034499973,-0.034499973,0.068999946,-0.0029999986,-0.0029999986,0.0,0.425,0.0,0.09499999999999997,1.1175871e-08,0.029660566,200,200
HONEYBEE__DROSOPHILA,57,-0.02339999,-0.05999996,-0.05999996,-0.02339999,0.03659997,-0.03659997,0.07319994,-0.0029999986,-0.0029999986,0.0,0.39,0.0,0.050000000000000044,1.1175871e-08,0.029264983,200,200
HONEYBEE__DROSOPHILA,58,-0.02099999,-0.05999996,-0.05999996,-0.02099999,0.03899997,-0.03899997,0.07799994,-0.0029999986,-0.0029999986,0.0,0.35,0.0,0.10999999999999999,1.1175871e-08,0.028618162,200,200
HONEYBEE__DROSOPHILA,59,-0.022799987,-0.05999996,-0.05999996,-0.022799991,0.037199974,-0.03719997,0.07439995,-0.0029999986,-0.0029999986,0.0,0.38,0.0,0.09999999999999998,1.1175871e-08,0.029123172,200,200
HONEYBEE__DROSOPHILA,60,-0.024599988,-0.05999996,-0.05999996,-0.024599992,0.035399973,-0.03539997,0.07079995,-0.0029999986,-0.0029999986,0.0,0.41,0.0,0.11499999999999999,1.1175871e-08,0.029509986,200,200
HONEYBEE__DROSOPHILA,61,-0.026999986,-0.05999996,-0.05999996,-0.026999988,0.032999977,-0.032999974,0.065999955,-0.0029999986,-0.0029999986,0.0,0.45,0.0,0.10999999999999999,1.1175871e-08,0.02984961,200,200
HONEYBEE__DROSOPHILA,62,-0.02369999,-0.05999996,-0.05999996,-0.02369999,0.036299974,-0.036299974,0.07259995,-0.0029999986,-0.0029999986,0.0,0.395,0.0,0.05500000000000005,1.1175871e-08,0.029331027,200,200
HONEYBEE__DROSOPHILA,63,-0.026699986,-0.05999996,-0.05999996,-0.026699988,0.033299975,-0.033299975,0.06659995,-0.0029999986,-0.0029999986,0.0,0.445,0.0,0.125,1.1175871e-08,0.029817933,200,200
HONEYBEE__DROSOPHILA,64,-0.02369999,-0.05999996,-0.05999996,-0.02369999,0.036299974,-0.036299974,0.07259995,-0.0029999986,-0.0029999986,0.0,0.395,0.0,0.125,1.1175871e-08,0.029331027,200,200
HONEYBEE__DROSOPHILA,65,-0.026399989,-0.05999996,-0.05999996,-0.026399987,0.033599973,-0.033599973,0.067199945,-0.0029999986,-0.0029999986,0.0,0.44,0.0,0.09499999999999997,1.1175871e-08,0.029783204,200,200
HONEYBEE__DROSOPHILA,66,-0.024599988,-0.05999996,-0.05999996,-0.024599988,0.035399973,-0.035399973,0.07079995,-0.0029999986,-0.0029999986,0.0,0.41,0.0,0.09499999999999997,1.1175871e-08,0.029509986,200,200
HONEYBEE__DROSOPHILA,67,-0.026399987,-0.05999996,-0.05999996,-0.026399989,0.033599973,-0.033599973,0.067199945,-0.0029999986,-0.0029999986,0.0,0.44,0.0,0.125,1.1175871e-08,0.0297832,200,200
HONEYBEE__DROSOPHILA,68,-0.028199987,-0.05999996,-0.05999996,-0.028199987,0.031799972,-0.031799972,0.063599944,-0.0029999986,-0.0029999986,0.0,0.47,0.0,0.11499999999999999,1.1175871e-08,0.02994594,200,200
HONEYBEE__DROSOPHILA,69,-0.02519999,-0.05999996,-0.05999996,-0.025199987,0.03479997,-0.034799974,0.06959994,-0.0029999986,-0.0029999986,0.0,0.42,0.0,0.08999999999999997,1.1175871e-08,0.029613495,200,200
HONEYBEE__DROSOPHILA,70,-0.024599988,-0.05999996,-0.05999996,-0.024599992,0.035399973,-0.03539997,0.07079995,-0.0029999986,-0.0029999986,0.0,0.41,0.0,0.11499999999999999,1.1175871e-08,0.029509986,200,200
HONEYBEE__DROSOPHILA,71,-0.024599988,-0.05999996,-0.05999996,-0.024599988,0.035399973,-0.035399973,0.07079995,-0.0029999986,-0.0029999986,0.0,0.41,0.0,0.11499999999999999,1.1175871e-08,0.029509986,200,200
HONEYBEE__DROSOPHILA,72,-0.026399987,-0.05999996,-0.05999996,-0.026399989,0.033599973,-0.033599973,0.067199945,-0.0029999986,-0.0029999986,0.0,0.44,0.0,0.09999999999999998,1.1175871e-08,0.0297832,200,200
HONEYBEE__DROSOPHILA,73,-0.023399986,-0.05999996,-0.05999996,-0.023399986,0.036599975,-0.036599975,0.07319995,-0.0029999986,-0.0029999986,0.0,0.39,0.0,0.08499999999999996,1.1175871e-08,0.029264983,200,200
HONEYBEE__DROSOPHILA,74,-0.023999989,-0.05999996,-0.05999996,-0.023999987,0.035999972,-0.035999976,0.07199995,-0.0029999986,-0.0029999986,0.0,0.4,0.0,0.05500000000000005,1.1175871e-08,0.029393863,200,200
HONEYBEE__DROSOPHILA,75,-0.025499988,-0.05999996,-0.05999996,-0.02549999,0.034499973,-0.034499973,0.068999946,-0.0029999986,-0.0029999986,0.0,0.425,0.0,0.09999999999999998,1.1175871e-08,0.029660566,200,200
HONEYBEE__DROSOPHILA,76,-0.02399999,-0.05999996,-0.05999996,-0.023999987,0.03599997,-0.035999976,0.071999945,-0.0029999986,-0.0029999986,0.0,0.4,0.0,0.14,1.1175871e-08,0.029393863,200,200
HONEYBEE__DROSOPHILA,77,-0.026099987,-0.05999996,-0.05999996,-0.026099987,0.033899974,-0.033899974,0.06779995,-0.0029999986,-0.0029999986,0.0,0.435,0.0,0.09999999999999998,1.1175871e-08,0.029745407,200,200
HONEYBEE__DROSOPHILA,78,-0.02309999,-0.05999996,-0.05999996,-0.02309999,0.03689997,-0.03689997,0.07379994,-0.0029999986,-0.0029999986,0.0,0.385,0.0,0.09999999999999998,1.1175871e-08,0.029195705,200,200
HONEYBEE__DROSOPHILA,79,-0.022799991,-0.05999996,-0.05999996,-0.022799991,0.03719997,-0.03719997,0.07439994,-0.0029999986,-0.0029999986,0.0,0.38,0.0,0.10999999999999999,1.1175871e-08,0.029123172,200,200
HONEYBEE__DROSOPHILA,80,-0.02309999,-0.05999996,-0.05999996,-0.02309999,0.03689997,-0.03689997,0.07379994,-0.0029999986,-0.0029999986,0.0,0.385,0.0,0.07999999999999996,1.1175871e-08,0.029195707,200,200
HONEYBEE__DROSOPHILA,81,-0.02339999,-0.05999996,-0.05999996,-0.023399986,0.03659997,-0.036599975,0.07319994,-0.0029999986,-0.0029999986,0.0,0.39,0.0,0.12,1.1175871e-08,0.029264983,200,200
HONEYBEE__DROSOPHILA,82,-0.029099986,-0.05999996,-0.05999996,-0.029099984,0.030899975,-0.030899977,0.06179995,-0.0029999986,-0.0029999986,0.0,0.485,0.0,0.10499999999999998,1.1175871e-08,0.029986484,200,200
HONEYBEE__DROSOPHILA,83,-0.028499985,-0.05999996,-0.05999996,-0.028499985,0.031499974,-0.031499974,0.06299995,-0.0029999986,-0.0029999986,0.0,0.475,0.0,0.09499999999999997,1.1175871e-08,0.029962465,200,200
HONEYBEE__DROSOPHILA,84,-0.022199988,-0.05999996,-0.05999996,-0.022199988,0.037799973,-0.037799973,0.075599946,-0.0029999986,-0.0029999986,0.0,0.37,0.0,0.125,1.1175871e-08,0.028968245,200,200
HONEYBEE__DROSOPHILA,85,-0.026099987,-0.05999996,-0.05999996,-0.026099987,0.033899974,-0.033899974,0.06779995,-0.0029999986,-0.0029999986,0.0,0.435,0.0,0.06499999999999995,1.1175871e-08,0.029745407,200,200
HONEYBEE__DROSOPHILA,86,-0.021599991,-0.05999996,-0.05999996,-0.02159999,0.038399972,-0.038399972,0.076799944,-0.0029999986,-0.0029999986,0.0,0.36,0.0,0.10999999999999999,1.1175871e-08,0.028799986,200,200
HONEYBEE__DROSOPHILA,87,-0.026099987,-0.05999996,-0.05999996,-0.026099987,0.033899974,-0.033899974,0.06779995,-0.0029999986,-0.0029999986,0.0,0.435,0.0,0.10999999999999999,1.1175871e-08,0.029745407,200,200
HONEYBEE__DROSOPHILA,88,-0.02309999,-0.05999996,-0.05999996,-0.023099987,0.03689997,-0.036899976,0.073799945,-0.0029999986,-0.0029999986,0.0,0.385,0.0,0.06999999999999995,1.1175871e-08,0.029195705,200,200
HONEYBEE__DROSOPHILA,89,-0.02369999,-0.05999996,-0.05999996,-0.02369999,0.036299974,-0.036299974,0.07259995,-0.0029999986,-0.0029999986,0.0,0.395,0.0,0.08999999999999997,1.1175871e-08,0.029331027,200,200
HONEYBEE__DROSOPHILA,90,-0.02039999,-0.05999996,-0.05999996,-0.02039999,0.03959997,-0.03959997,0.07919994,-0.0029999989,-0.0029999986,-2.3283064e-10,0.34,0.0,0.020000000000000018,1.1175871e-08,0.028422514,200,200
HONEYBEE__DROSOPHILA,91,-0.024299989,-0.05999996,-0.05999996,-0.024299989,0.03569997,-0.03569997,0.07139994,-0.0029999986,-0.0029999986,0.0,0.405,0.0,0.08999999999999997,1.1175871e-08,0.029453507,200,200
HONEYBEE__DROSOPHILA,92,-0.02009999,-0.05999996,-0.05999996,-0.02009999,0.03989997,-0.03989997,0.07979994,-0.0029999986,-0.0029999986,0.0,0.335,0.0,0.07499999999999996,1.1175871e-08,0.028319415,200,200
HONEYBEE__DROSOPHILA,93,-0.029999986,-0.05999996,-0.05999996,-0.029999986,0.029999975,-0.029999975,0.05999995,-0.0029999986,-0.0029999986,0.0,0.5,0.0,0.125,1.1175871e-08,0.029999988,200,200
HONEYBEE__DROSOPHILA,94,-0.02579999,-0.05999996,-0.05999996,-0.02579999,0.03419997,-0.03419997,0.06839994,-0.0029999986,-0.0029999986,0.0,0.43,0.0,0.08499999999999996,1.1175871e-08,0.029704532,200,200
HONEYBEE__DROSOPHILA,95,-0.022799991,-0.05999996,-0.05999996,-0.022799987,0.03719997,-0.037199974,0.07439995,-0.0029999986,-0.0029999986,0.0,0.38,0.0,0.10499999999999998,1.1175871e-08,0.029123174,200,200
HONEYBEE__DROSOPHILA,96,-0.02339999,-0.05999996,-0.05999996,-0.02339999,0.03659997,-0.03659997,0.07319994,-0.0029999986,-0.0029999986,0.0,0.39,0.0,0.09999999999999998,1.1175871e-08,0.029264983,200,200
HONEYBEE__DROSOPHILA,97,-0.02369999,-0.05999996,-0.05999996,-0.02369999,0.036299974,-0.036299974,0.07259995,-0.0029999989,-0.0029999986,-2.3283064e-10,0.395,0.0,0.14500000000000002,1.1175871e-08,0.029331027,200,200
HONEYBEE__DROSOPHILA,98,-0.024299989,-0.05999996,-0.05999996,-0.024299989,0.03569997,-0.03569997,0.07139994,-0.0029999986,-0.0029999986,0.0,0.405,0.0,0.11499999999999999,1.1175871e-08,0.029453509,200,200
HONEYBEE__DROSOPHILA,99,-0.026999988,-0.05999996,-0.05999996,-0.026999988,0.032999974,-0.032999974,0.06599995,-0.0029999986,-0.0029999986,0.0,0.45,0.0,0.07999999999999996,1.1175871e-08,0.02984961,200,200
