condition,metric,mean,sd,min,max
DROSOPHILA_TRANSFER__BEE,initial_discrimination,0.0,0.0,0.0,0.0
DROSOPHILA_TRANSFER__BEE,PNKC_only_discrimination,0.0,0.0,0.0,0.0
DROSOPHILA_TRANSFER__BEE,KCEN_only_discrimination,-13.849000186920167,1.1581296922111088,-16.240001678466797,-11.219999313354492
DROSOPHILA_TRANSFER__BEE,full_discrimination,-14.900200748443604,1.0563693868857744,-17.080001831054688,-12.460000991821289
DROSOPHILA_TRANSFER__BEE,PNKC_effect,0.0,0.0,0.0,0.0
DROSOPHILA_TRANSFER__BEE,KCEN_effect,-13.849000186920167,1.1581296922111088,-16.240001678466797,-11.219999313354492
DROSOPHILA_TRANSFER__BEE,total_plasticity_effect,-14.900200748443604,1.0563693868857744,-17.080001831054688,-12.460000991821289
DROSOPHILA_TRANSFER__BEE,PNKC_KCEN_interaction,-1.0512005615234374,0.15018684326808834,-1.6000003814697266,-0.7600021362304688
DROSOPHILA_TRANSFER__DROSOPHILA,initial_discrimination,0.0,0.0,0.0,0.0
DROSOPHILA_TRANSFER__DROSOPHILA,PNKC_only_discrimination,0.0,0.0,0.0,0.0
DROSOPHILA_TRANSFER__DROSOPHILA,KCEN_only_discrimination,16.844401626586915,1.3258173187320899,13.439996719360352,19.44000244140625
DROSOPHILA_TRANSFER__DROSOPHILA,full_discrimination,16.935600624084472,1.3263929637177705,13.439994812011719,19.44000244140625
DROSOPHILA_TRANSFER__DROSOPHILA,PNKC_effect,0.0,0.0,0.0,0.0
DROSOPHILA_TRANSFER__DROSOPHILA,KCEN_effect,16.844401626586915,1.3258173187320899,13.439996719360352,19.44000244140625
DROSOPHILA_TRANSFER__DROSOPHILA,total_plasticity_effect,16.935600624084472,1.3263929637177705,13.439994812011719,19.44000244140625
DROSOPHILA_TRANSFER__DROSOPHILA,PNKC_KCEN_interaction,0.0911989974975586,0.08245385130140105,-5.7220458984375e-06,0.3599967956542969
HONEYBEE__BEE,initial_discrimination,0.0,0.0,0.0,0.0
HONEYBEE__BEE,PNKC_only_discrimination,0.0,0.0,0.0,0.0
HONEYBEE__BEE,KCEN_only_discrimination,-8.505599727630615,1.0258720315878171,-11.520000457763672,-5.819999694824219
HONEYBEE__BEE,full_discrimination,-9.735600337982177,0.9437584387957347,-12.460000991821289,-7.139997482299805
HONEYBEE__BEE,PNKC_effect,0.0,0.0,0.0,0.0
HONEYBEE__BEE,KCEN_effect,-8.505599727630615,1.0258720315878171,-11.520000457763672,-5.819999694824219
HONEYBEE__BEE,total_plasticity_effect,-9.735600337982177,0.9437584387957347,-12.460000991821289,-7.139997482299805
HONEYBEE__BEE,PNKC_KCEN_interaction,-1.2300006103515626,0.13225329964486085,-1.5000019073486328,-0.8999996185302734
HONEYBEE__DROSOPHILA,initial_discrimination,0.0,0.0,0.0,0.0
HONEYBEE__DROSOPHILA,PNKC_only_discrimination,0.0,0.0,0.0,0.0
HONEYBEE__DROSOPHILA,KCEN_only_discrimination,13.781400833129883,0.8111359709969419,11.999998092651367,16.080001831054688
HONEYBEE__DROSOPHILA,full_discrimination,14.149199981689453,0.8575815622502696,11.999996185302734,16.079998016357422
HONEYBEE__DROSOPHILA,PNKC_effect,0.0,0.0,0.0,0.0
HONEYBEE__DROSOPHILA,KCEN_effect,13.781400833129883,0.8111359709969419,11.999998092651367,16.080001831054688
HONEYBEE__DROSOPHILA,total_plasticity_effect,14.149199981689453,0.8575815622502696,11.999996185302734,16.079998016357422
HONEYBEE__DROSOPHILA,PNKC_KCEN_interaction,0.3677991485595703,0.2991692387844616,-5.7220458984375e-06,1.0799999237060547
