section,condition,metric,value_1,value_2,p_value
PAIRWISE_EFFECT,Rule_effect_HB,CSplus_behavior,8.637796859741211,10.165949083493764,5.975821607927698e-102
PAIRWISE_EFFECT,Rule_effect_HB,CSminus_behavior,-15.24700345993042,-20.8863014351219,9.384828355936961e-133
PAIRWISE_EFFECT,Rule_effect_HB,discrimination,23.88480031967163,15.131718986393228,6.112211127405732e-119
PAIRWISE_EFFECT,Rule_effect_HB,response_range,4.4135996437072755,5.060353028961331,1.464477689345536e-72
PAIRWISE_EFFECT,Rule_effect_HB,PNKC_mean_delta,-0.0007609358732588539,-62.1874540281102,1.2733415811452882e-179
PAIRWISE_EFFECT,Rule_effect_HB,PNKC_mean_abs_delta,-0.000848160317400468,-57.60417741505543,2.4869931659265215e-176
PAIRWISE_EFFECT,Rule_effect_HB,PNKC_positive_fraction,0.004353299999999999,7.210323011595732,2.2281504350991955e-87
PAIRWISE_EFFECT,Rule_effect_HB,PNKC_negative_fraction,0.0006876250000000001,6.815619071346297,5.261226541249509e-85
PAIRWISE_EFFECT,Rule_effect_HB,PNKC_changed_fraction,0.005040924999999999,7.191819360979556,2.860054895616977e-87
PAIRWISE_EFFECT,Rule_effect_HB,KCEN_EPLUS_mean_delta,-4.656614000647652e-12,-0.14214106244380284,0.15833990565972575
PAIRWISE_EFFECT,Rule_effect_HB,KCEN_EMINUS_mean_delta,0.0010000023199245188,4425652.613833547,0.0
PAIRWISE_EFFECT,Rule_effect_HB,KCEN_EPLUS_mean_abs_delta,4.656614000647652e-12,0.14214106244380284,0.15833990565972575
PAIRWISE_EFFECT,Rule_effect_HB,KCEN_EMINUS_mean_abs_delta,-0.0010000023199245188,-4425652.613833547,0.0
PAIRWISE_EFFECT,Rule_effect_DT,CSplus_behavior,12.982197551727294,13.761321887455741,7.057180751556025e-115
PAIRWISE_EFFECT,Rule_effect_DT,CSminus_behavior,-18.85360382080078,-22.389077190471856,9.803683083113794e-136
PAIRWISE_EFFECT,Rule_effect_DT,discrimination,31.835801372528078,17.865562122425573,4.6924435605401454e-126
PAIRWISE_EFFECT,Rule_effect_DT,response_range,2.035399875640869,1.2683968317567282,1.8071119882385365e-22
PAIRWISE_EFFECT,Rule_effect_DT,PNKC_mean_delta,-0.000840533358277756,-41.038788059981236,9.29398107526038e-162
PAIRWISE_EFFECT,Rule_effect_DT,PNKC_mean_abs_delta,-0.000879649698035792,-38.310799520101845,8.391034536172811e-159
PAIRWISE_EFFECT,Rule_effect_DT,PNKC_positive_fraction,0.0031229999999999995,2.7326865249559833,6.527715349372877e-48
PAIRWISE_EFFECT,Rule_effect_DT,PNKC_negative_fraction,0.00024925,3.1470582300725165,2.3254179540756586e-53
PAIRWISE_EFFECT,Rule_effect_DT,PNKC_changed_fraction,0.0033722500000000007,2.7619597488267296,2.5658727038516717e-48
PAIRWISE_EFFECT,Rule_effect_DT,KCEN_EPLUS_mean_delta,-4.656614000647652e-12,-0.09999999999999998,0.319748474139302
PAIRWISE_EFFECT,Rule_effect_DT,KCEN_EMINUS_mean_delta,0.001000002331566051,4422097.043483822,0.0
PAIRWISE_EFFECT,Rule_effect_DT,KCEN_EPLUS_mean_abs_delta,4.656614000647652e-12,0.09999999999999998,0.319748474139302
PAIRWISE_EFFECT,Rule_effect_DT,KCEN_EMINUS_mean_abs_delta,-0.001000002331566051,-4422097.043483822,0.0
PAIRWISE_EFFECT,Architecture_effect_BEE_rule,CSplus_behavior,-2.9512000846862794,-3.907495740561514,5.6469986288418786e-62
PAIRWISE_EFFECT,Architecture_effect_BEE_rule,CSminus_behavior,2.2134003257751464,3.90749389114637,5.647247281285882e-62
PAIRWISE_EFFECT,Architecture_effect_BEE_rule,discrimination,-5.164600410461426,-3.9074949479623373,5.647105191838323e-62
PAIRWISE_EFFECT,Architecture_effect_BEE_rule,response_range,5.164600410461426,3.9074949479623373,5.647105191838323e-62
PAIRWISE_EFFECT,Architecture_effect_BEE_rule,PNKC_mean_delta,0.00014976106816902597,7.356909968390827,3.1500047142226095e-88
PAIRWISE_EFFECT,Architecture_effect_BEE_rule,PNKC_mean_abs_delta,2.4077782873065037e-05,0.9919415111857195,1.6398600060656551e-16
PAIRWISE_EFFECT,Architecture_effect_BEE_rule,PNKC_positive_fraction,0.003320099999999999,3.907497156914509,5.646808208743545e-62
PAIRWISE_EFFECT,Architecture_effect_BEE_rule,PNKC_negative_fraction,-0.0011070250000000002,-8.6451219788996,4.640174508502666e-95
PAIRWISE_EFFECT,Architecture_effect_BEE_rule,PNKC_changed_fraction,0.0022130750000000005,2.317019898449089,9.048942371856622e-42
PAIRWISE_EFFECT,Architecture_effect_BEE_rule,KCEN_EPLUS_mean_delta,-2.328307000323826e-12,-0.09999999999999998,0.31974847413930196
PAIRWISE_EFFECT,Architecture_effect_BEE_rule,KCEN_EMINUS_mean_delta,-1.396983900954496e-11,-0.042681534075674404,0.6704405830089216
PAIRWISE_EFFECT,Architecture_effect_BEE_rule,KCEN_EPLUS_mean_abs_delta,2.328307000323826e-12,0.09999999999999998,0.31974847413930196
PAIRWISE_EFFECT,Architecture_effect_BEE_rule,KCEN_EMINUS_mean_abs_delta,1.396983900954496e-11,0.042681534075674404,0.6704405830089216
PAIRWISE_EFFECT,Architecture_effect_DOPA_rule,CSplus_behavior,1.3932006072998047,1.6411917085399574,5.289441977918161e-30
PAIRWISE_EFFECT,Architecture_effect_DOPA_rule,CSminus_behavior,-1.393200035095215,-1.6411904221230267,5.28974321145284e-30
PAIRWISE_EFFECT,Architecture_effect_DOPA_rule,discrimination,2.7864006423950194,1.6411910653338018,5.289592591986603e-30
PAIRWISE_EFFECT,Architecture_effect_DOPA_rule,response_range,2.7864006423950194,1.6411910653338018,5.289592591986603e-30
PAIRWISE_EFFECT,Architecture_effect_DOPA_rule,PNKC_mean_delta,7.016358315012397e-05,3.9398025054694967,2.6240909716532125e-62
PAIRWISE_EFFECT,Architecture_effect_DOPA_rule,PNKC_mean_abs_delta,-7.411597762258993e-06,-0.36777137040148866,0.000382699318345944
PAIRWISE_EFFECT,Architecture_effect_DOPA_rule,PNKC_positive_fraction,0.002089800000000001,1.6411909172072305,5.289627278126579e-30
PAIRWISE_EFFECT,Architecture_effect_DOPA_rule,PNKC_negative_fraction,-0.0015454000000000002,-10.063366486948132,1.6155450092710163e-101
PAIRWISE_EFFECT,Architecture_effect_DOPA_rule,PNKC_changed_fraction,0.0005444000000000005,0.3888667859872088,0.00018257807117698092
PAIRWISE_EFFECT,Architecture_effect_DOPA_rule,KCEN_EPLUS_mean_delta,-2.328307000323826e-12,-0.04454175497072094,0.6569905055563485
PAIRWISE_EFFECT,Architecture_effect_DOPA_rule,KCEN_EMINUS_mean_delta,-2.328307000323826e-12,-0.09999999999999998,0.31974847413930196
PAIRWISE_EFFECT,Architecture_effect_DOPA_rule,KCEN_EPLUS_mean_abs_delta,2.328307000323826e-12,0.04454175497072094,0.6569905055563485
PAIRWISE_EFFECT,Architecture_effect_DOPA_rule,KCEN_EMINUS_mean_abs_delta,2.328307000323826e-12,0.09999999999999998,0.31974847413930196
REPRESENTATION_EFFECT,DT_BEE_vs_HB_BEE,overlap_CSplus,-0.0638505,-3.664967146004026,2.139714030323685e-59
REPRESENTATION_EFFECT,DT_BEE_vs_HB_BEE,overlap_CSminus,-0.0815855,-4.393003081562083,9.74460325497597e-67
PNKC_ASSOCIATION,HONEYBEE__BEE,PNKC_mean_delta,-0.9773802109541644,-0.9688435152029391,6.2131301834362015e-68
PNKC_ASSOCIATION,HONEYBEE__BEE,PNKC_mean_abs_delta,-0.9851997212994178,-0.978556683515319,7.033870327977868e-77
PNKC_ASSOCIATION,HONEYBEE__BEE,PNKC_positive_fraction,-0.9999999999981548,-0.9989634640939082,0.0
PNKC_ASSOCIATION,HONEYBEE__BEE,PNKC_negative_fraction,-0.8760223929366018,-0.8450300555102321,8.392269368775e-33
PNKC_ASSOCIATION,HONEYBEE__BEE,PNKC_changed_fraction,-0.9967291551218782,-0.9948883070359417,6.927709937292631e-109
PNKC_ASSOCIATION,HONEYBEE__DROSOPHILA,PNKC_mean_delta,0.9821033140705079,0.9756189439644696,7.210223140494917e-73
PNKC_ASSOCIATION,HONEYBEE__DROSOPHILA,PNKC_mean_abs_delta,0.9889902102616599,0.9814087535063418,3.891363801568225e-83
PNKC_ASSOCIATION,HONEYBEE__DROSOPHILA,PNKC_positive_fraction,0.9999999999954918,0.9988601791437856,0.0
PNKC_ASSOCIATION,HONEYBEE__DROSOPHILA,PNKC_negative_fraction,0.8702897639640094,0.8318635278735919,6.659615148771363e-32
PNKC_ASSOCIATION,HONEYBEE__DROSOPHILA,PNKC_changed_fraction,0.9965418060370933,0.9929220911190233,1.0567044008519262e-107
PNKC_ASSOCIATION,DROSOPHILA_TRANSFER__BEE,PNKC_mean_delta,-0.9950528834734635,-0.9904664761030086,4.2496265174126397e-100
PNKC_ASSOCIATION,DROSOPHILA_TRANSFER__BEE,PNKC_mean_abs_delta,-0.9961811474329421,-0.995545468652633,1.3531835809003794e-105
PNKC_ASSOCIATION,DROSOPHILA_TRANSFER__BEE,PNKC_positive_fraction,-0.9999999999973267,-0.9993090124964665,0.0
PNKC_ASSOCIATION,DROSOPHILA_TRANSFER__BEE,PNKC_negative_fraction,-0.8651084124249575,-0.8564021632046953,3.9852803622985194e-31
PNKC_ASSOCIATION,DROSOPHILA_TRANSFER__BEE,PNKC_changed_fraction,-0.9989525778852703,-0.9980729583376992,4.275160801978192e-133
PNKC_ASSOCIATION,DROSOPHILA_TRANSFER__DROSOPHILA,PNKC_mean_delta,0.9975116776294566,0.9951355279339044,1.0707351069102854e-114
PNKC_ASSOCIATION,DROSOPHILA_TRANSFER__DROSOPHILA,PNKC_mean_abs_delta,0.9975763699948347,0.9966119812367104,2.94963163195683e-115
PNKC_ASSOCIATION,DROSOPHILA_TRANSFER__DROSOPHILA,PNKC_positive_fraction,0.9999999999980599,0.9995766928717251,0.0
PNKC_ASSOCIATION,DROSOPHILA_TRANSFER__DROSOPHILA,PNKC_negative_fraction,0.8289365910734651,0.8250396237098586,1.8079013605621874e-26
PNKC_ASSOCIATION,DROSOPHILA_TRANSFER__DROSOPHILA,PNKC_changed_fraction,0.9993045775634308,0.9988116440644192,8.294123534155723e-142
KCEN_ASSOCIATION,HONEYBEE__BEE,KCEN_EPLUS_mean_delta,,,
KCEN_ASSOCIATION,HONEYBEE__BEE,KCEN_EMINUS_mean_delta,0.033906221182298704,0.053479235455136484,0.7377037841218805
KCEN_ASSOCIATION,HONEYBEE__BEE,KCEN_EPLUS_mean_abs_delta,,,
KCEN_ASSOCIATION,HONEYBEE__BEE,KCEN_EMINUS_mean_abs_delta,-0.033906221182298704,-0.053479235455136484,0.7377037841218805
KCEN_ASSOCIATION,HONEYBEE__DROSOPHILA,KCEN_EPLUS_mean_delta,-0.17257722192073832,-0.15107990390809323,0.08598231847214628
KCEN_ASSOCIATION,HONEYBEE__DROSOPHILA,KCEN_EMINUS_mean_delta,,,
KCEN_ASSOCIATION,HONEYBEE__DROSOPHILA,KCEN_EPLUS_mean_abs_delta,0.17257722192073832,0.15107990390809323,0.08598231847214628
KCEN_ASSOCIATION,HONEYBEE__DROSOPHILA,KCEN_EMINUS_mean_abs_delta,,,
KCEN_ASSOCIATION,DROSOPHILA_TRANSFER__BEE,KCEN_EPLUS_mean_delta,-0.08607724689724376,-0.11495357466199599,0.3944736814977519
KCEN_ASSOCIATION,DROSOPHILA_TRANSFER__BEE,KCEN_EMINUS_mean_delta,0.010178884332300265,0.01134087099272185,0.9199380977099303
KCEN_ASSOCIATION,DROSOPHILA_TRANSFER__BEE,KCEN_EPLUS_mean_abs_delta,0.08607724689724376,0.11495357466199599,0.3944736814977519
KCEN_ASSOCIATION,DROSOPHILA_TRANSFER__BEE,KCEN_EMINUS_mean_abs_delta,-0.010178884332300265,-0.01134087099272185,0.9199380977099303
KCEN_ASSOCIATION,DROSOPHILA_TRANSFER__DROSOPHILA,KCEN_EPLUS_mean_delta,-0.019242077191418242,-0.004062428838940256,0.8492941294560528
KCEN_ASSOCIATION,DROSOPHILA_TRANSFER__DROSOPHILA,KCEN_EMINUS_mean_delta,-0.0262275801517713,-0.019153465228386686,0.7956175734852688
KCEN_ASSOCIATION,DROSOPHILA_TRANSFER__DROSOPHILA,KCEN_EPLUS_mean_abs_delta,0.019242077191418242,0.004062428838940256,0.8492941294560528
KCEN_ASSOCIATION,DROSOPHILA_TRANSFER__DROSOPHILA,KCEN_EMINUS_mean_abs_delta,0.0262275801517713,0.019153465228386686,0.7956175734852688
