condition,network,initial_discrimination,PNKC_only_discrimination,KCEN_only_discrimination,full_discrimination,PNKC_effect,KCEN_effect,total_plasticity_effect,PNKC_KCEN_interaction,initial_CSplus,PNKC_only_CSplus,KCEN_only_CSplus,full_CSplus,initial_CSminus,PNKC_only_CSminus,KCEN_only_CSminus,full_CSminus
DROSOPHILA_TRANSFER__BEE,0,0.0,0.0,-14.39999771118164,-15.259998321533203,0.0,-14.39999771118164,-15.259998321533203,-0.8600006103515625,0.0,0.0,-4.719997406005859,-4.719997406005859,0.0,0.0,9.680000305175781,10.540000915527344
DROSOPHILA_TRANSFER__BEE,1,0.0,0.0,-14.599998474121094,-15.400001525878906,0.0,-14.599998474121094,-15.400001525878906,-0.8000030517578125,0.0,0.0,-4.799995422363281,-4.799995422363281,0.0,0.0,9.800003051757812,10.600006103515625
DROSOPHILA_TRANSFER__BEE,2,0.0,0.0,-14.260002136230469,-15.259998321533203,0.0,-14.260002136230469,-15.259998321533203,-0.9999961853027344,0.0,0.0,-4.719997406005859,-4.719997406005859,0.0,0.0,9.54000473022461,10.540000915527344
DROSOPHILA_TRANSFER__BEE,3,0.0,0.0,-13.5,-14.419998168945312,0.0,-13.5,-14.419998168945312,-0.9199981689453125,0.0,0.0,-4.239997863769531,-4.239997863769531,0.0,0.0,9.260002136230469,10.180000305175781
DROSOPHILA_TRANSFER__BEE,4,0.0,0.0,-12.780000686645508,-13.85999870300293,0.0,-12.780000686645508,-13.85999870300293,-1.0799980163574219,0.0,0.0,-3.9199962615966797,-3.9199962615966797,0.0,0.0,8.860004425048828,9.94000244140625
DROSOPHILA_TRANSFER__BEE,5,0.0,0.0,-14.520004272460938,-15.400001525878906,0.0,-14.520004272460938,-15.400001525878906,-0.8799972534179688,0.0,0.0,-4.799999237060547,-4.799999237060547,0.0,0.0,9.72000503540039,10.60000228881836
DROSOPHILA_TRANSFER__BEE,6,0.0,0.0,-12.819999694824219,-14.0,0.0,-12.819999694824219,-14.0,-1.1800003051757812,0.0,0.0,-3.9999961853027344,-3.9999961853027344,0.0,0.0,8.820003509521484,10.000003814697266
DROSOPHILA_TRANSFER__BEE,7,0.0,0.0,-14.819999694824219,-15.680004119873047,0.0,-14.819999694824219,-15.680004119873047,-0.8600044250488281,0.0,0.0,-4.959999084472656,-4.959999084472656,0.0,0.0,9.860000610351562,10.72000503540039
DROSOPHILA_TRANSFER__BEE,8,0.0,0.0,-15.799995422363281,-16.65999984741211,0.0,-15.799995422363281,-16.65999984741211,-0.8600044250488281,0.0,0.0,-5.519996643066406,-5.519996643066406,0.0,0.0,10.279998779296875,11.140003204345703
DROSOPHILA_TRANSFER__BEE,9,0.0,0.0,-14.65999984741211,-15.680000305175781,0.0,-14.65999984741211,-15.680000305175781,-1.0200004577636719,0.0,0.0,-4.959995269775391,-4.959995269775391,0.0,0.0,9.700004577636719,10.72000503540039
DROSOPHILA_TRANSFER__BEE,10,0.0,0.0,-15.100000381469727,-15.959999084472656,0.0,-15.100000381469727,-15.959999084472656,-0.8599987030029297,0.0,0.0,-5.1199951171875,-5.1199951171875,0.0,0.0,9.980005264282227,10.840003967285156
DROSOPHILA_TRANSFER__BEE,11,0.0,0.0,-15.460002899169922,-16.380001068115234,0.0,-15.460002899169922,-16.380001068115234,-0.9199981689453125,0.0,0.0,-5.359996795654297,-5.359996795654297,0.0,0.0,10.100006103515625,11.020004272460938
DROSOPHILA_TRANSFER__BEE,12,0.0,0.0,-14.55999755859375,-15.540000915527344,0.0,-14.55999755859375,-15.540000915527344,-0.9800033569335938,0.0,0.0,-4.879997253417969,-4.879997253417969,0.0,0.0,9.680000305175781,10.660003662109375
DROSOPHILA_TRANSFER__BEE,13,0.0,0.0,-12.819999694824219,-14.0,0.0,-12.819999694824219,-14.0,-1.1800003051757812,0.0,0.0,-3.9999961853027344,-3.9999961853027344,0.0,0.0,8.820003509521484,10.000003814697266
DROSOPHILA_TRANSFER__BEE,14,0.0,0.0,-13.64000129699707,-14.700000762939453,0.0,-13.64000129699707,-14.700000762939453,-1.0599994659423828,0.0,0.0,-4.399997711181641,-4.399997711181641,0.0,0.0,9.24000358581543,10.300003051757812
DROSOPHILA_TRANSFER__BEE,15,0.0,0.0,-14.05999755859375,-15.259998321533203,0.0,-14.05999755859375,-15.259998321533203,-1.2000007629394531,0.0,0.0,-4.719997406005859,-4.719997406005859,0.0,0.0,9.34000015258789,10.540000915527344
DROSOPHILA_TRANSFER__BEE,16,0.0,0.0,-13.279996871948242,-14.419994354248047,0.0,-13.279996871948242,-14.419994354248047,-1.1399974822998047,0.0,0.0,-4.239994049072266,-4.239994049072266,0.0,0.0,9.040002822875977,10.180000305175781
DROSOPHILA_TRANSFER__BEE,17,0.0,0.0,-14.10000228881836,-14.980003356933594,0.0,-14.10000228881836,-14.980003356933594,-0.8800010681152344,0.0,0.0,-4.55999755859375,-4.55999755859375,0.0,0.0,9.54000473022461,10.420005798339844
DROSOPHILA_TRANSFER__BEE,18,0.0,0.0,-12.340002059936523,-13.440000534057617,0.0,-12.340002059936523,-13.440000534057617,-1.0999984741210938,0.0,0.0,-3.6799983978271484,-3.6799983978271484,0.0,0.0,8.660003662109375,9.760002136230469
DROSOPHILA_TRANSFER__BEE,19,0.0,0.0,-13.39999771118164,-14.419998168945312,0.0,-13.39999771118164,-14.419998168945312,-1.0200004577636719,0.0,0.0,-4.239997863769531,-4.239997863769531,0.0,0.0,9.15999984741211,10.180000305175781
DROSOPHILA_TRANSFER__BEE,20,0.0,0.0,-13.35999870300293,-14.560001373291016,0.0,-13.35999870300293,-14.560001373291016,-1.200002670288086,0.0,0.0,-4.319995880126953,-4.319995880126953,0.0,0.0,9.040002822875977,10.240005493164062
DROSOPHILA_TRANSFER__BEE,21,0.0,0.0,-13.85999870300293,-14.839996337890625,0.0,-13.85999870300293,-14.839996337890625,-0.9799976348876953,0.0,0.0,-4.4799957275390625,-4.4799957275390625,0.0,0.0,9.380002975463867,10.360000610351562
DROSOPHILA_TRANSFER__BEE,22,0.0,0.0,-11.840002059936523,-13.15999984741211,0.0,-11.840002059936523,-13.15999984741211,-1.319997787475586,0.0,0.0,-3.5199966430664062,-3.5199966430664062,0.0,0.0,8.320005416870117,9.640003204345703
DROSOPHILA_TRANSFER__BEE,23,0.0,0.0,-14.700000762939453,-15.680000305175781,0.0,-14.700000762939453,-15.680000305175781,-0.9799995422363281,0.0,0.0,-4.959999084472656,-4.959999084472656,0.0,0.0,9.740001678466797,10.720001220703125
DROSOPHILA_TRANSFER__BEE,24,0.0,0.0,-13.71999740600586,-14.839996337890625,0.0,-13.71999740600586,-14.839996337890625,-1.1199989318847656,0.0,0.0,-4.4799957275390625,-4.4799957275390625,0.0,0.0,9.240001678466797,10.360000610351562
DROSOPHILA_TRANSFER__BEE,25,0.0,0.0,-14.220001220703125,-15.260002136230469,0.0,-14.220001220703125,-15.260002136230469,-1.0400009155273438,0.0,0.0,-4.719997406005859,-4.719997406005859,0.0,0.0,9.500003814697266,10.54000473022461
DROSOPHILA_TRANSFER__BEE,26,0.0,0.0,-14.78000259399414,-15.960002899169922,0.0,-14.78000259399414,-15.960002899169922,-1.1800003051757812,0.0,0.0,-5.119998931884766,-5.119998931884766,0.0,0.0,9.660003662109375,10.840003967285156
DROSOPHILA_TRANSFER__BEE,27,0.0,0.0,-14.360002517700195,-15.400005340576172,0.0,-14.360002517700195,-15.400005340576172,-1.0400028228759766,0.0,0.0,-4.799999237060547,-4.799999237060547,0.0,0.0,9.560003280639648,10.600006103515625
DROSOPHILA_TRANSFER__BEE,28,0.0,0.0,-15.360000610351562,-16.23999786376953,0.0,-15.360000610351562,-16.23999786376953,-0.8799972534179688,0.0,0.0,-5.279994964599609,-5.279994964599609,0.0,0.0,10.080005645751953,10.960002899169922
DROSOPHILA_TRANSFER__BEE,29,0.0,0.0,-13.940000534057617,-15.119998931884766,0.0,-13.940000534057617,-15.119998931884766,-1.1799983978271484,0.0,0.0,-4.639995574951172,-4.639995574951172,0.0,0.0,9.300004959106445,10.480003356933594
DROSOPHILA_TRANSFER__BEE,30,0.0,0.0,-13.720003128051758,-14.700000762939453,0.0,-13.720003128051758,-14.700000762939453,-0.9799976348876953,0.0,0.0,-4.399997711181641,-4.399997711181641,0.0,0.0,9.320005416870117,10.300003051757812
DROSOPHILA_TRANSFER__BEE,31,0.0,0.0,-12.700002670288086,-14.140003204345703,0.0,-12.700002670288086,-14.140003204345703,-1.4400005340576172,0.0,0.0,-4.079998016357422,-4.079998016357422,0.0,0.0,8.620004653930664,10.060005187988281
DROSOPHILA_TRANSFER__BEE,32,0.0,0.0,-11.45999526977539,-12.599998474121094,0.0,-11.45999526977539,-12.599998474121094,-1.1400032043457031,0.0,0.0,-3.1999969482421875,-3.1999969482421875,0.0,0.0,8.259998321533203,9.400001525878906
DROSOPHILA_TRANSFER__BEE,33,0.0,0.0,-15.980001449584961,-16.800003051757812,0.0,-15.980001449584961,-16.800003051757812,-0.8200016021728516,0.0,0.0,-5.599998474121094,-5.599998474121094,0.0,0.0,10.380002975463867,11.200004577636719
DROSOPHILA_TRANSFER__BEE,34,0.0,0.0,-12.919998168945312,-14.420001983642578,0.0,-12.919998168945312,-14.420001983642578,-1.5000038146972656,0.0,0.0,-4.239997863769531,-4.239997863769531,0.0,0.0,8.680000305175781,10.180004119873047
DROSOPHILA_TRANSFER__BEE,35,0.0,0.0,-14.69999885559082,-15.679996490478516,0.0,-14.69999885559082,-15.679996490478516,-0.9799976348876953,0.0,0.0,-4.959995269775391,-4.959995269775391,0.0,0.0,9.74000358581543,10.720001220703125
DROSOPHILA_TRANSFER__BEE,36,0.0,0.0,-14.299997329711914,-15.119998931884766,0.0,-14.299997329711914,-15.119998931884766,-0.8200016021728516,0.0,0.0,-4.639995574951172,-4.639995574951172,0.0,0.0,9.660001754760742,10.480003356933594
DROSOPHILA_TRANSFER__BEE,37,0.0,0.0,-14.639993667602539,-15.539997100830078,0.0,-14.639993667602539,-15.539997100830078,-0.9000034332275391,0.0,0.0,-4.879993438720703,-4.879993438720703,0.0,0.0,9.760000228881836,10.660003662109375
DROSOPHILA_TRANSFER__BEE,38,0.0,0.0,-15.059999465942383,-16.099998474121094,0.0,-15.059999465942383,-16.099998474121094,-1.039999008178711,0.0,0.0,-5.1999969482421875,-5.1999969482421875,0.0,0.0,9.860002517700195,10.900001525878906
DROSOPHILA_TRANSFER__BEE,39,0.0,0.0,-15.259998321533203,-16.240005493164062,0.0,-15.259998321533203,-16.240005493164062,-0.9800071716308594,0.0,0.0,-5.279998779296875,-5.279998779296875,0.0,0.0,9.979999542236328,10.960006713867188
DROSOPHILA_TRANSFER__BEE,40,0.0,0.0,-11.700002670288086,-13.300003051757812,0.0,-11.700002670288086,-13.300003051757812,-1.6000003814697266,0.0,0.0,-3.5999984741210938,-3.5999984741210938,0.0,0.0,8.100004196166992,9.700004577636719
DROSOPHILA_TRANSFER__BEE,41,0.0,0.0,-12.940004348754883,-14.0,0.0,-12.940004348754883,-14.0,-1.0599956512451172,0.0,0.0,-3.9999961853027344,-3.9999961853027344,0.0,0.0,8.940008163452148,10.000003814697266
DROSOPHILA_TRANSFER__BEE,42,0.0,0.0,-13.44000244140625,-14.560001373291016,0.0,-13.44000244140625,-14.560001373291016,-1.1199989318847656,0.0,0.0,-4.319995880126953,-4.319995880126953,0.0,0.0,9.120006561279297,10.240005493164062
DROSOPHILA_TRANSFER__BEE,43,0.0,0.0,-14.720001220703125,-15.679996490478516,0.0,-14.720001220703125,-15.679996490478516,-0.9599952697753906,0.0,0.0,-4.959995269775391,-4.959995269775391,0.0,0.0,9.760005950927734,10.720001220703125
DROSOPHILA_TRANSFER__BEE,44,0.0,0.0,-15.360000610351562,-16.240005493164062,0.0,-15.360000610351562,-16.240005493164062,-0.8800048828125,0.0,0.0,-5.279998779296875,-5.279998779296875,0.0,0.0,10.080001831054688,10.960006713867188
DROSOPHILA_TRANSFER__BEE,45,0.0,0.0,-13.479995727539062,-14.419998168945312,0.0,-13.479995727539062,-14.419998168945312,-0.94000244140625,0.0,0.0,-4.239994049072266,-4.239994049072266,0.0,0.0,9.240001678466797,10.180004119873047
DROSOPHILA_TRANSFER__BEE,46,0.0,0.0,-12.579998016357422,-13.579996109008789,0.0,-12.579998016357422,-13.579996109008789,-0.9999980926513672,0.0,0.0,-3.7599964141845703,-3.7599964141845703,0.0,0.0,8.820001602172852,9.819999694824219
DROSOPHILA_TRANSFER__BEE,47,0.0,0.0,-12.94000244140625,-14.140003204345703,0.0,-12.94000244140625,-14.140003204345703,-1.2000007629394531,0.0,0.0,-4.079998016357422,-4.079998016357422,0.0,0.0,8.860004425048828,10.060005187988281
DROSOPHILA_TRANSFER__BEE,48,0.0,0.0,-11.35999870300293,-12.599998474121094,0.0,-11.35999870300293,-12.599998474121094,-1.239999771118164,0.0,0.0,-3.1999969482421875,-3.1999969482421875,0.0,0.0,8.160001754760742,9.400001525878906
DROSOPHILA_TRANSFER__BEE,49,0.0,0.0,-13.240001678466797,-14.28000259399414,0.0,-13.240001678466797,-14.28000259399414,-1.0400009155273438,0.0,0.0,-4.159996032714844,-4.159996032714844,0.0,0.0,9.080005645751953,10.120006561279297
DROSOPHILA_TRANSFER__BEE,50,0.0,0.0,-11.219999313354492,-12.460000991821289,0.0,-11.219999313354492,-12.460000991821289,-1.2400016784667969,0.0,0.0,-3.119997024536133,-3.119997024536133,0.0,0.0,8.10000228881836,9.340003967285156
DROSOPHILA_TRANSFER__BEE,51,0.0,0.0,-15.679996490478516,-16.65999984741211,0.0,-15.679996490478516,-16.65999984741211,-0.9800033569335938,0.0,0.0,-5.519996643066406,-5.519996643066406,0.0,0.0,10.15999984741211,11.140003204345703
DROSOPHILA_TRANSFER__BEE,52,0.0,0.0,-13.18000602722168,-14.28000259399414,0.0,-13.18000602722168,-14.28000259399414,-1.099996566772461,0.0,0.0,-4.159999847412109,-4.159999847412109,0.0,0.0,9.02000617980957,10.120002746582031
DROSOPHILA_TRANSFER__BEE,53,0.0,0.0,-13.519998550415039,-14.560001373291016,0.0,-13.519998550415039,-14.560001373291016,-1.0400028228759766,0.0,0.0,-4.319995880126953,-4.319995880126953,0.0,0.0,9.200002670288086,10.240005493164062
DROSOPHILA_TRANSFER__BEE,54,0.0,0.0,-13.95999526977539,-14.979995727539062,0.0,-13.95999526977539,-14.979995727539062,-1.0200004577636719,0.0,0.0,-4.559993743896484,-4.559993743896484,0.0,0.0,9.400001525878906,10.420001983642578
DROSOPHILA_TRANSFER__BEE,55,0.0,0.0,-12.159997940063477,-13.439998626708984,0.0,-12.159997940063477,-13.439998626708984,-1.2800006866455078,0.0,0.0,-3.6799964904785156,-3.6799964904785156,0.0,0.0,8.480001449584961,9.760002136230469
DROSOPHILA_TRANSFER__BEE,56,0.0,0.0,-11.239999771118164,-12.460000991821289,0.0,-11.239999771118164,-12.460000991821289,-1.220001220703125,0.0,0.0,-3.119997024536133,-3.119997024536133,0.0,0.0,8.120002746582031,9.340003967285156
DROSOPHILA_TRANSFER__BEE,57,0.0,0.0,-13.479997634887695,-14.419998168945312,0.0,-13.479997634887695,-14.419998168945312,-0.9400005340576172,0.0,0.0,-4.239994049072266,-4.239994049072266,0.0,0.0,9.24000358581543,10.180004119873047
DROSOPHILA_TRANSFER__BEE,58,0.0,0.0,-13.880001068115234,-14.980003356933594,0.0,-13.880001068115234,-14.980003356933594,-1.1000022888183594,0.0,0.0,-4.55999755859375,-4.55999755859375,0.0,0.0,9.320003509521484,10.420005798339844
DROSOPHILA_TRANSFER__BEE,59,0.0,0.0,-15.140003204345703,-16.240005493164062,0.0,-15.140003204345703,-16.240005493164062,-1.1000022888183594,0.0,0.0,-5.279998779296875,-5.279998779296875,0.0,0.0,9.860004425048828,10.960006713867188
DROSOPHILA_TRANSFER__BEE,60,0.0,0.0,-14.200002670288086,-15.259998321533203,0.0,-14.200002670288086,-15.259998321533203,-1.0599956512451172,0.0,0.0,-4.719997406005859,-4.719997406005859,0.0,0.0,9.480005264282227,10.540000915527344
DROSOPHILA_TRANSFER__BEE,61,0.0,0.0,-14.84000015258789,-15.679996490478516,0.0,-14.84000015258789,-15.679996490478516,-0.839996337890625,0.0,0.0,-4.959995269775391,-4.959995269775391,0.0,0.0,9.8800048828125,10.720001220703125
DROSOPHILA_TRANSFER__BEE,62,0.0,0.0,-13.319999694824219,-14.420001983642578,0.0,-13.319999694824219,-14.420001983642578,-1.1000022888183594,0.0,0.0,-4.239997863769531,-4.239997863769531,0.0,0.0,9.080001831054688,10.180004119873047
DROSOPHILA_TRANSFER__BEE,63,0.0,0.0,-13.660003662109375,-14.700000762939453,0.0,-13.660003662109375,-14.700000762939453,-1.0399971008300781,0.0,0.0,-4.399997711181641,-4.399997711181641,0.0,0.0,9.260005950927734,10.300003051757812
DROSOPHILA_TRANSFER__BEE,64,0.0,0.0,-15.159996032714844,-16.10000228881836,0.0,-15.159996032714844,-16.10000228881836,-0.9400062561035156,0.0,0.0,-5.1999969482421875,-5.1999969482421875,0.0,0.0,9.959999084472656,10.900005340576172
DROSOPHILA_TRANSFER__BEE,65,0.0,0.0,-13.700000762939453,-14.700000762939453,0.0,-13.700000762939453,-14.700000762939453,-1.0,0.0,0.0,-4.399997711181641,-4.399997711181641,0.0,0.0,9.300003051757812,10.300003051757812
DROSOPHILA_TRANSFER__BEE,66,0.0,0.0,-14.460002899169922,-15.400005340576172,0.0,-14.460002899169922,-15.400005340576172,-0.94000244140625,0.0,0.0,-4.799999237060547,-4.799999237060547,0.0,0.0,9.660003662109375,10.600006103515625
DROSOPHILA_TRANSFER__BEE,67,0.0,0.0,-15.020000457763672,-15.960002899169922,0.0,-15.020000457763672,-15.960002899169922,-0.94000244140625,0.0,0.0,-5.119998931884766,-5.119998931884766,0.0,0.0,9.900001525878906,10.840003967285156
DROSOPHILA_TRANSFER__BEE,68,0.0,0.0,-13.060001373291016,-14.140003204345703,0.0,-13.060001373291016,-14.140003204345703,-1.0800018310546875,0.0,0.0,-4.079998016357422,-4.079998016357422,0.0,0.0,8.980003356933594,10.060005187988281
DROSOPHILA_TRANSFER__BEE,69,0.0,0.0,-14.459999084472656,-15.540000915527344,0.0,-14.459999084472656,-15.540000915527344,-1.0800018310546875,0.0,0.0,-4.879997253417969,-4.879997253417969,0.0,0.0,9.580001831054688,10.660003662109375
DROSOPHILA_TRANSFER__BEE,70,0.0,0.0,-14.500003814697266,-15.400001525878906,0.0,-14.500003814697266,-15.400001525878906,-0.8999977111816406,0.0,0.0,-4.799999237060547,-4.799999237060547,0.0,0.0,9.700004577636719,10.60000228881836
DROSOPHILA_TRANSFER__BEE,71,0.0,0.0,-12.180000305175781,-13.439998626708984,0.0,-12.180000305175781,-13.439998626708984,-1.2599983215332031,0.0,0.0,-3.6799964904785156,-3.6799964904785156,0.0,0.0,8.500003814697266,9.760002136230469
DROSOPHILA_TRANSFER__BEE,72,0.0,0.0,-13.379997253417969,-14.419998168945312,0.0,-13.379997253417969,-14.419998168945312,-1.0400009155273438,0.0,0.0,-4.239994049072266,-4.239994049072266,0.0,0.0,9.140003204345703,10.180004119873047
DROSOPHILA_TRANSFER__BEE,73,0.0,0.0,-11.739997863769531,-12.880001068115234,0.0,-11.739997863769531,-12.880001068115234,-1.1400032043457031,0.0,0.0,-3.359996795654297,-3.359996795654297,0.0,0.0,8.380001068115234,9.520004272460938
DROSOPHILA_TRANSFER__BEE,74,0.0,0.0,-12.55999755859375,-14.0,0.0,-12.55999755859375,-14.0,-1.44000244140625,0.0,0.0,-3.9999961853027344,-3.9999961853027344,0.0,0.0,8.560001373291016,10.000003814697266
DROSOPHILA_TRANSFER__BEE,75,0.0,0.0,-13.580001831054688,-14.700000762939453,0.0,-13.580001831054688,-14.700000762939453,-1.1199989318847656,0.0,0.0,-4.399997711181641,-4.399997711181641,0.0,0.0,9.180004119873047,10.300003051757812
DROSOPHILA_TRANSFER__BEE,76,0.0,0.0,-13.200002670288086,-14.28000259399414,0.0,-13.200002670288086,-14.28000259399414,-1.0799999237060547,0.0,0.0,-4.159999847412109,-4.159999847412109,0.0,0.0,9.040002822875977,10.120002746582031
DROSOPHILA_TRANSFER__BEE,77,0.0,0.0,-13.900001525878906,-14.980003356933594,0.0,-13.900001525878906,-14.980003356933594,-1.0800018310546875,0.0,0.0,-4.55999755859375,-4.55999755859375,0.0,0.0,9.340003967285156,10.420005798339844
DROSOPHILA_TRANSFER__BEE,78,0.0,0.0,-16.240001678466797,-17.080001831054688,0.0,-16.240001678466797,-17.080001831054688,-0.8400001525878906,0.0,0.0,-5.759998321533203,-5.759998321533203,0.0,0.0,10.480003356933594,11.320003509521484
DROSOPHILA_TRANSFER__BEE,79,0.0,0.0,-14.840002059936523,-15.819999694824219,0.0,-14.840002059936523,-15.819999694824219,-0.9799976348876953,0.0,0.0,-5.039997100830078,-5.039997100830078,0.0,0.0,9.800004959106445,10.78000259399414
DROSOPHILA_TRANSFER__BEE,80,0.0,0.0,-14.980003356933594,-15.960002899169922,0.0,-14.980003356933594,-15.960002899169922,-0.9799995422363281,0.0,0.0,-5.119998931884766,-5.119998931884766,0.0,0.0,9.860004425048828,10.840003967285156
DROSOPHILA_TRANSFER__BEE,81,0.0,0.0,-11.920000076293945,-13.15999984741211,0.0,-11.920000076293945,-13.15999984741211,-1.239999771118164,0.0,0.0,-3.5199966430664062,-3.5199966430664062,0.0,0.0,8.400003433227539,9.640003204345703
DROSOPHILA_TRANSFER__BEE,82,0.0,0.0,-15.620002746582031,-16.520004272460938,0.0,-15.620002746582031,-16.520004272460938,-0.9000015258789062,0.0,0.0,-5.439998626708984,-5.439998626708984,0.0,0.0,10.180004119873047,11.080005645751953
DROSOPHILA_TRANSFER__BEE,83,0.0,0.0,-13.239999771118164,-14.279998779296875,0.0,-13.239999771118164,-14.279998779296875,-1.039999008178711,0.0,0.0,-4.159996032714844,-4.159996032714844,0.0,0.0,9.08000373840332,10.120002746582031
DROSOPHILA_TRANSFER__BEE,84,0.0,0.0,-12.91999626159668,-13.860002517700195,0.0,-12.91999626159668,-13.860002517700195,-0.9400062561035156,0.0,0.0,-3.9199962615966797,-3.9199962615966797,0.0,0.0,9.0,9.940006256103516
DROSOPHILA_TRANSFER__BEE,85,0.0,0.0,-13.020002365112305,-14.140003204345703,0.0,-13.020002365112305,-14.140003204345703,-1.1200008392333984,0.0,0.0,-4.079998016357422,-4.079998016357422,0.0,0.0,8.940004348754883,10.060005187988281
DROSOPHILA_TRANSFER__BEE,86,0.0,0.0,-15.460002899169922,-16.380001068115234,0.0,-15.460002899169922,-16.380001068115234,-0.9199981689453125,0.0,0.0,-5.359996795654297,-5.359996795654297,0.0,0.0,10.100006103515625,11.020004272460938
DROSOPHILA_TRANSFER__BEE,87,0.0,0.0,-15.10000228881836,-16.10000228881836,0.0,-15.10000228881836,-16.10000228881836,-1.0,0.0,0.0,-5.1999969482421875,-5.1999969482421875,0.0,0.0,9.900005340576172,10.900005340576172
DROSOPHILA_TRANSFER__BEE,88,0.0,0.0,-13.500001907348633,-14.700000762939453,0.0,-13.500001907348633,-14.700000762939453,-1.1999988555908203,0.0,0.0,-4.399997711181641,-4.399997711181641,0.0,0.0,9.100004196166992,10.300003051757812
DROSOPHILA_TRANSFER__BEE,89,0.0,0.0,-13.639999389648438,-14.700000762939453,0.0,-13.639999389648438,-14.700000762939453,-1.0600013732910156,0.0,0.0,-4.399997711181641,-4.399997711181641,0.0,0.0,9.240001678466797,10.300003051757812
DROSOPHILA_TRANSFER__BEE,90,0.0,0.0,-15.020000457763672,-15.960006713867188,0.0,-15.020000457763672,-15.960006713867188,-0.9400062561035156,0.0,0.0,-5.119998931884766,-5.119998931884766,0.0,0.0,9.900001525878906,10.840007781982422
DROSOPHILA_TRANSFER__BEE,91,0.0,0.0,-15.160003662109375,-16.240001678466797,0.0,-15.160003662109375,-16.240001678466797,-1.0799980163574219,0.0,0.0,-5.279998779296875,-5.279998779296875,0.0,0.0,9.8800048828125,10.960002899169922
DROSOPHILA_TRANSFER__BEE,92,0.0,0.0,-12.21999740600586,-13.30000114440918,0.0,-12.21999740600586,-13.30000114440918,-1.0800037384033203,0.0,0.0,-3.599996566772461,-3.599996566772461,0.0,0.0,8.620000839233398,9.700004577636719
DROSOPHILA_TRANSFER__BEE,93,0.0,0.0,-16.040000915527344,-16.800003051757812,0.0,-16.040000915527344,-16.800003051757812,-0.7600021362304688,0.0,0.0,-5.599998474121094,-5.599998474121094,0.0,0.0,10.44000244140625,11.200004577636719
DROSOPHILA_TRANSFER__BEE,94,0.0,0.0,-14.380001068115234,-15.400005340576172,0.0,-14.380001068115234,-15.400005340576172,-1.0200042724609375,0.0,0.0,-4.799999237060547,-4.799999237060547,0.0,0.0,9.580001831054688,10.600006103515625
DROSOPHILA_TRANSFER__BEE,95,0.0,0.0,-13.479997634887695,-14.560001373291016,0.0,-13.479997634887695,-14.560001373291016,-1.0800037384033203,0.0,0.0,-4.319995880126953,-4.319995880126953,0.0,0.0,9.160001754760742,10.240005493164062
DROSOPHILA_TRANSFER__BEE,96,0.0,0.0,-13.999998092651367,-15.119998931884766,0.0,-13.999998092651367,-15.119998931884766,-1.1200008392333984,0.0,0.0,-4.639995574951172,-4.639995574951172,0.0,0.0,9.360002517700195,10.480003356933594
DROSOPHILA_TRANSFER__BEE,97,0.0,0.0,-13.260000228881836,-14.420001983642578,0.0,-13.260000228881836,-14.420001983642578,-1.1600017547607422,0.0,0.0,-4.239997863769531,-4.239997863769531,0.0,0.0,9.020002365112305,10.180004119873047
DROSOPHILA_TRANSFER__BEE,98,0.0,0.0,-13.21999740600586,-14.279998779296875,0.0,-13.21999740600586,-14.279998779296875,-1.0600013732910156,0.0,0.0,-4.159996032714844,-4.159996032714844,0.0,0.0,9.060001373291016,10.120002746582031
DROSOPHILA_TRANSFER__BEE,99,0.0,0.0,-13.700004577636719,-14.840003967285156,0.0,-13.700004577636719,-14.840003967285156,-1.1399993896484375,0.0,0.0,-4.479999542236328,-4.479999542236328,0.0,0.0,9.22000503540039,10.360004425048828
DROSOPHILA_TRANSFER__DROSOPHILA,0,0.0,0.0,15.420001983642578,15.479999542236328,0.0,15.420001983642578,15.479999542236328,0.05999755859375,0.0,0.0,7.740001678466797,7.740001678466797,0.0,0.0,-7.680000305175781,-7.739997863769531
DROSOPHILA_TRANSFER__DROSOPHILA,1,0.0,0.0,16.560001373291016,16.68000030517578,0.0,16.560001373291016,16.68000030517578,0.11999893188476562,0.0,0.0,8.34000015258789,8.34000015258789,0.0,0.0,-8.220001220703125,-8.34000015258789
DROSOPHILA_TRANSFER__DROSOPHILA,2,0.0,0.0,14.760004043579102,14.759998321533203,0.0,14.760004043579102,14.759998321533203,-5.7220458984375e-06,0.0,0.0,7.380001068115234,7.380001068115234,0.0,0.0,-7.380002975463867,-7.379997253417969
DROSOPHILA_TRANSFER__DROSOPHILA,3,0.0,0.0,16.380001068115234,16.439998626708984,0.0,16.380001068115234,16.439998626708984,0.05999755859375,0.0,0.0,8.220001220703125,8.220001220703125,0.0,0.0,-8.15999984741211,-8.21999740600586
DROSOPHILA_TRANSFER__DROSOPHILA,4,0.0,0.0,17.58000373840332,17.640003204345703,0.0,17.58000373840332,17.640003204345703,0.05999946594238281,0.0,0.0,8.820003509521484,8.820003509521484,0.0,0.0,-8.760000228881836,-8.819999694824219
DROSOPHILA_TRANSFER__DROSOPHILA,5,0.0,0.0,16.440006256103516,16.56000518798828,0.0,16.440006256103516,16.56000518798828,0.11999893188476562,0.0,0.0,8.28000259399414,8.28000259399414,0.0,0.0,-8.160003662109375,-8.28000259399414
DROSOPHILA_TRANSFER__DROSOPHILA,6,0.0,0.0,17.22000503540039,17.28000259399414,0.0,17.22000503540039,17.28000259399414,0.05999755859375,0.0,0.0,8.640003204345703,8.640003204345703,0.0,0.0,-8.580001831054688,-8.639999389648438
DROSOPHILA_TRANSFER__DROSOPHILA,7,0.0,0.0,14.28000259399414,14.28000259399414,0.0,14.28000259399414,14.28000259399414,0.0,0.0,0.0,7.140003204345703,7.140003204345703,0.0,0.0,-7.1399993896484375,-7.1399993896484375
DROSOPHILA_TRANSFER__DROSOPHILA,8,0.0,0.0,17.819995880126953,17.87999725341797,0.0,17.819995880126953,17.87999725341797,0.060001373291015625,0.0,0.0,8.939998626708984,8.939998626708984,0.0,0.0,-8.879997253417969,-8.939998626708984
DROSOPHILA_TRANSFER__DROSOPHILA,9,0.0,0.0,18.360004425048828,18.480003356933594,0.0,18.360004425048828,18.480003356933594,0.11999893188476562,0.0,0.0,9.240001678466797,9.240001678466797,0.0,0.0,-9.120002746582031,-9.240001678466797
DROSOPHILA_TRANSFER__DROSOPHILA,10,0.0,0.0,18.48000144958496,18.599998474121094,0.0,18.48000144958496,18.599998474121094,0.11999702453613281,0.0,0.0,9.299999237060547,9.299999237060547,0.0,0.0,-9.180002212524414,-9.299999237060547
DROSOPHILA_TRANSFER__DROSOPHILA,11,0.0,0.0,17.40000343322754,17.640003204345703,0.0,17.40000343322754,17.640003204345703,0.23999977111816406,0.0,0.0,8.819999694824219,8.819999694824219,0.0,0.0,-8.58000373840332,-8.820003509521484
DROSOPHILA_TRANSFER__DROSOPHILA,12,0.0,0.0,17.51999855041504,17.639999389648438,0.0,17.51999855041504,17.639999389648438,0.12000083923339844,0.0,0.0,8.819999694824219,8.819999694824219,0.0,0.0,-8.69999885559082,-8.819999694824219
DROSOPHILA_TRANSFER__DROSOPHILA,13,0.0,0.0,17.880001068115234,18.000003814697266,0.0,17.880001068115234,18.000003814697266,0.12000274658203125,0.0,0.0,9.0,9.0,0.0,0.0,-8.880001068115234,-9.000003814697266
DROSOPHILA_TRANSFER__DROSOPHILA,14,0.0,0.0,18.000001907348633,18.12000274658203,0.0,18.000001907348633,18.12000274658203,0.12000083923339844,0.0,0.0,9.060001373291016,9.060001373291016,0.0,0.0,-8.940000534057617,-9.060001373291016
DROSOPHILA_TRANSFER__DROSOPHILA,15,0.0,0.0,17.639999389648438,17.76000213623047,0.0,17.639999389648438,17.76000213623047,0.12000274658203125,0.0,0.0,8.880001068115234,8.880001068115234,0.0,0.0,-8.759998321533203,-8.880001068115234
DROSOPHILA_TRANSFER__DROSOPHILA,16,0.0,0.0,15.479999542236328,15.71999740600586,0.0,15.479999542236328,15.71999740600586,0.23999786376953125,0.0,0.0,7.8600006103515625,7.8600006103515625,0.0,0.0,-7.619998931884766,-7.859996795654297
DROSOPHILA_TRANSFER__DROSOPHILA,17,0.0,0.0,16.860002517700195,17.040000915527344,0.0,16.860002517700195,17.040000915527344,0.17999839782714844,0.0,0.0,8.520000457763672,8.520000457763672,0.0,0.0,-8.340002059936523,-8.520000457763672
DROSOPHILA_TRANSFER__DROSOPHILA,18,0.0,0.0,16.80000114440918,16.919998168945312,0.0,16.80000114440918,16.919998168945312,0.11999702453613281,0.0,0.0,8.459999084472656,8.459999084472656,0.0,0.0,-8.340002059936523,-8.459999084472656
DROSOPHILA_TRANSFER__DROSOPHILA,19,0.0,0.0,15.599994659423828,15.71999740600586,0.0,15.599994659423828,15.71999740600586,0.12000274658203125,0.0,0.0,7.859996795654297,7.859996795654297,0.0,0.0,-7.739997863769531,-7.8600006103515625
DROSOPHILA_TRANSFER__DROSOPHILA,20,0.0,0.0,17.87999725341797,18.0,0.0,17.87999725341797,18.0,0.12000274658203125,0.0,0.0,8.999996185302734,8.999996185302734,0.0,0.0,-8.880001068115234,-9.000003814697266
DROSOPHILA_TRANSFER__DROSOPHILA,21,0.0,0.0,17.639999389648438,17.639999389648438,0.0,17.639999389648438,17.639999389648438,0.0,0.0,0.0,8.819999694824219,8.819999694824219,0.0,0.0,-8.819999694824219,-8.819999694824219
DROSOPHILA_TRANSFER__DROSOPHILA,22,0.0,0.0,17.8800048828125,17.8800048828125,0.0,17.8800048828125,17.8800048828125,0.0,0.0,0.0,8.94000244140625,8.94000244140625,0.0,0.0,-8.94000244140625,-8.94000244140625
DROSOPHILA_TRANSFER__DROSOPHILA,23,0.0,0.0,16.44000244140625,16.56000518798828,0.0,16.44000244140625,16.56000518798828,0.12000274658203125,0.0,0.0,8.28000259399414,8.28000259399414,0.0,0.0,-8.15999984741211,-8.28000259399414
DROSOPHILA_TRANSFER__DROSOPHILA,24,0.0,0.0,18.60000228881836,18.599998474121094,0.0,18.60000228881836,18.599998474121094,-3.814697265625e-06,0.0,0.0,9.299999237060547,9.299999237060547,0.0,0.0,-9.300003051757812,-9.299999237060547
DROSOPHILA_TRANSFER__DROSOPHILA,25,0.0,0.0,18.959999084472656,18.959999084472656,0.0,18.959999084472656,18.959999084472656,0.0,0.0,0.0,9.479999542236328,9.479999542236328,0.0,0.0,-9.479999542236328,-9.479999542236328
DROSOPHILA_TRANSFER__DROSOPHILA,26,0.0,0.0,19.44000244140625,19.439998626708984,0.0,19.44000244140625,19.439998626708984,-3.814697265625e-06,0.0,0.0,9.720001220703125,9.720001220703125,0.0,0.0,-9.720001220703125,-9.71999740600586
DROSOPHILA_TRANSFER__DROSOPHILA,27,0.0,0.0,16.26000213623047,16.31999969482422,0.0,16.26000213623047,16.31999969482422,0.05999755859375,0.0,0.0,8.15999984741211,8.15999984741211,0.0,0.0,-8.10000228881836,-8.15999984741211
DROSOPHILA_TRANSFER__DROSOPHILA,28,0.0,0.0,16.020002365112305,16.079998016357422,0.0,16.020002365112305,16.079998016357422,0.05999565124511719,0.0,0.0,8.040000915527344,8.040000915527344,0.0,0.0,-7.980001449584961,-8.039997100830078
DROSOPHILA_TRANSFER__DROSOPHILA,29,0.0,0.0,18.000001907348633,17.999996185302734,0.0,18.000001907348633,17.999996185302734,-5.7220458984375e-06,0.0,0.0,9.0,9.0,0.0,0.0,-9.000001907348633,-8.999996185302734
DROSOPHILA_TRANSFER__DROSOPHILA,30,0.0,0.0,16.980003356933594,17.15999984741211,0.0,16.980003356933594,17.15999984741211,0.17999649047851562,0.0,0.0,8.580001831054688,8.580001831054688,0.0,0.0,-8.400001525878906,-8.579998016357422
DROSOPHILA_TRANSFER__DROSOPHILA,31,0.0,0.0,18.480003356933594,18.720001220703125,0.0,18.480003356933594,18.720001220703125,0.23999786376953125,0.0,0.0,9.360000610351562,9.360000610351562,0.0,0.0,-9.120002746582031,-9.360000610351562
DROSOPHILA_TRANSFER__DROSOPHILA,32,0.0,0.0,15.839998245239258,16.080001831054688,0.0,15.839998245239258,16.080001831054688,0.2400035858154297,0.0,0.0,8.040000915527344,8.040000915527344,0.0,0.0,-7.799997329711914,-8.040000915527344
DROSOPHILA_TRANSFER__DROSOPHILA,33,0.0,0.0,17.760000228881836,17.87999725341797,0.0,17.760000228881836,17.87999725341797,0.11999702453613281,0.0,0.0,8.939998626708984,8.939998626708984,0.0,0.0,-8.820001602172852,-8.939998626708984
DROSOPHILA_TRANSFER__DROSOPHILA,34,0.0,0.0,18.900001525878906,19.20000457763672,0.0,18.900001525878906,19.20000457763672,0.3000030517578125,0.0,0.0,9.60000228881836,9.60000228881836,0.0,0.0,-9.299999237060547,-9.60000228881836
DROSOPHILA_TRANSFER__DROSOPHILA,35,0.0,0.0,13.439996719360352,13.439994812011719,0.0,13.439996719360352,13.439994812011719,-1.9073486328125e-06,0.0,0.0,6.719997406005859,6.719997406005859,0.0,0.0,-6.719999313354492,-6.719997406005859
DROSOPHILA_TRANSFER__DROSOPHILA,36,0.0,0.0,14.579998016357422,14.640003204345703,0.0,14.579998016357422,14.640003204345703,0.06000518798828125,0.0,0.0,7.319999694824219,7.319999694824219,0.0,0.0,-7.259998321533203,-7.320003509521484
DROSOPHILA_TRANSFER__DROSOPHILA,37,0.0,0.0,14.69999885559082,14.760002136230469,0.0,14.69999885559082,14.760002136230469,0.06000328063964844,0.0,0.0,7.380001068115234,7.380001068115234,0.0,0.0,-7.319997787475586,-7.380001068115234
DROSOPHILA_TRANSFER__DROSOPHILA,38,0.0,0.0,17.940004348754883,18.12000274658203,0.0,17.940004348754883,18.12000274658203,0.17999839782714844,0.0,0.0,9.060001373291016,9.060001373291016,0.0,0.0,-8.880002975463867,-9.060001373291016
DROSOPHILA_TRANSFER__DROSOPHILA,39,0.0,0.0,17.160003662109375,17.280006408691406,0.0,17.160003662109375,17.280006408691406,0.12000274658203125,0.0,0.0,8.640003204345703,8.640003204345703,0.0,0.0,-8.520000457763672,-8.640003204345703
DROSOPHILA_TRANSFER__DROSOPHILA,40,0.0,0.0,17.520000457763672,17.87999725341797,0.0,17.520000457763672,17.87999725341797,0.3599967956542969,0.0,0.0,8.939998626708984,8.939998626708984,0.0,0.0,-8.580001831054688,-8.939998626708984
DROSOPHILA_TRANSFER__DROSOPHILA,41,0.0,0.0,15.720006942749023,15.840003967285156,0.0,15.720006942749023,15.840003967285156,0.11999702453613281,0.0,0.0,7.920001983642578,7.920001983642578,0.0,0.0,-7.800004959106445,-7.920001983642578
DROSOPHILA_TRANSFER__DROSOPHILA,42,0.0,0.0,14.760002136230469,14.879997253417969,0.0,14.760002136230469,14.879997253417969,0.1199951171875,0.0,0.0,7.439998626708984,7.439998626708984,0.0,0.0,-7.320003509521484,-7.439998626708984
DROSOPHILA_TRANSFER__DROSOPHILA,43,0.0,0.0,19.080005645751953,19.080001831054688,0.0,19.080005645751953,19.080001831054688,-3.814697265625e-06,0.0,0.0,9.540000915527344,9.540000915527344,0.0,0.0,-9.54000473022461,-9.540000915527344
DROSOPHILA_TRANSFER__DROSOPHILA,44,0.0,0.0,15.71999740600586,15.719993591308594,0.0,15.71999740600586,15.719993591308594,-3.814697265625e-06,0.0,0.0,7.859996795654297,7.859996795654297,0.0,0.0,-7.8600006103515625,-7.859996795654297
DROSOPHILA_TRANSFER__DROSOPHILA,45,0.0,0.0,16.200000762939453,16.200000762939453,0.0,16.200000762939453,16.200000762939453,0.0,0.0,0.0,8.099998474121094,8.099998474121094,0.0,0.0,-8.10000228881836,-8.10000228881836
DROSOPHILA_TRANSFER__DROSOPHILA,46,0.0,0.0,15.000001907348633,15.120002746582031,0.0,15.000001907348633,15.120002746582031,0.12000083923339844,0.0,0.0,7.560001373291016,7.560001373291016,0.0,0.0,-7.440000534057617,-7.560001373291016
DROSOPHILA_TRANSFER__DROSOPHILA,47,0.0,0.0,16.980003356933594,17.040000915527344,0.0,16.980003356933594,17.040000915527344,0.05999755859375,0.0,0.0,8.520000457763672,8.520000457763672,0.0,0.0,-8.460002899169922,-8.520000457763672
DROSOPHILA_TRANSFER__DROSOPHILA,48,0.0,0.0,15.479999542236328,15.720001220703125,0.0,15.479999542236328,15.720001220703125,0.24000167846679688,0.0,0.0,7.8600006103515625,7.8600006103515625,0.0,0.0,-7.619998931884766,-7.8600006103515625
DROSOPHILA_TRANSFER__DROSOPHILA,49,0.0,0.0,17.220001220703125,17.279998779296875,0.0,17.220001220703125,17.279998779296875,0.05999755859375,0.0,0.0,8.639999389648438,8.639999389648438,0.0,0.0,-8.580001831054688,-8.639999389648438
DROSOPHILA_TRANSFER__DROSOPHILA,50,0.0,0.0,16.980003356933594,17.040000915527344,0.0,16.980003356933594,17.040000915527344,0.05999755859375,0.0,0.0,8.520000457763672,8.520000457763672,0.0,0.0,-8.460002899169922,-8.520000457763672
DROSOPHILA_TRANSFER__DROSOPHILA,51,0.0,0.0,17.34000015258789,17.400001525878906,0.0,17.34000015258789,17.400001525878906,0.060001373291015625,0.0,0.0,8.700000762939453,8.700000762939453,0.0,0.0,-8.639999389648438,-8.700000762939453
DROSOPHILA_TRANSFER__DROSOPHILA,52,0.0,0.0,17.220001220703125,17.28000259399414,0.0,17.220001220703125,17.28000259399414,0.060001373291015625,0.0,0.0,8.639999389648438,8.639999389648438,0.0,0.0,-8.580001831054688,-8.640003204345703
DROSOPHILA_TRANSFER__DROSOPHILA,53,0.0,0.0,13.500003814697266,13.680000305175781,0.0,13.500003814697266,13.680000305175781,0.17999649047851562,0.0,0.0,6.840000152587891,6.840000152587891,0.0,0.0,-6.660003662109375,-6.840000152587891
DROSOPHILA_TRANSFER__DROSOPHILA,54,0.0,0.0,17.220001220703125,17.400001525878906,0.0,17.220001220703125,17.400001525878906,0.18000030517578125,0.0,0.0,8.700000762939453,8.700000762939453,0.0,0.0,-8.520000457763672,-8.700000762939453
DROSOPHILA_TRANSFER__DROSOPHILA,55,0.0,0.0,19.080001831054688,19.080001831054688,0.0,19.080001831054688,19.080001831054688,0.0,0.0,0.0,9.540000915527344,9.540000915527344,0.0,0.0,-9.540000915527344,-9.540000915527344
DROSOPHILA_TRANSFER__DROSOPHILA,56,0.0,0.0,16.6200008392334,16.68000030517578,0.0,16.6200008392334,16.68000030517578,0.05999946594238281,0.0,0.0,8.34000015258789,8.34000015258789,0.0,0.0,-8.280000686645508,-8.34000015258789
DROSOPHILA_TRANSFER__DROSOPHILA,57,0.0,0.0,15.300003051757812,15.480003356933594,0.0,15.300003051757812,15.480003356933594,0.18000030517578125,0.0,0.0,7.740001678466797,7.740001678466797,0.0,0.0,-7.560001373291016,-7.740001678466797
DROSOPHILA_TRANSFER__DROSOPHILA,58,0.0,0.0,14.8800048828125,15.000003814697266,0.0,14.8800048828125,15.000003814697266,0.11999893188476562,0.0,0.0,7.500003814697266,7.500003814697266,0.0,0.0,-7.380001068115234,-7.5
DROSOPHILA_TRANSFER__DROSOPHILA,59,0.0,0.0,19.32000732421875,19.44000244140625,0.0,19.32000732421875,19.44000244140625,0.1199951171875,0.0,0.0,9.72000503540039,9.72000503540039,0.0,0.0,-9.60000228881836,-9.71999740600586
DROSOPHILA_TRANSFER__DROSOPHILA,60,0.0,0.0,17.15999984741211,17.159996032714844,0.0,17.15999984741211,17.159996032714844,-3.814697265625e-06,0.0,0.0,8.579998016357422,8.579998016357422,0.0,0.0,-8.580001831054688,-8.579998016357422
DROSOPHILA_TRANSFER__DROSOPHILA,61,0.0,0.0,17.7600040435791,17.76000213623047,0.0,17.7600040435791,17.76000213623047,-1.9073486328125e-06,0.0,0.0,8.880001068115234,8.880001068115234,0.0,0.0,-8.880002975463867,-8.880001068115234
DROSOPHILA_TRANSFER__DROSOPHILA,62,0.0,0.0,14.220003128051758,14.280006408691406,0.0,14.220003128051758,14.280006408691406,0.06000328063964844,0.0,0.0,7.140003204345703,7.140003204345703,0.0,0.0,-7.079999923706055,-7.140003204345703
DROSOPHILA_TRANSFER__DROSOPHILA,63,0.0,0.0,15.24000358581543,15.480003356933594,0.0,15.24000358581543,15.480003356933594,0.23999977111816406,0.0,0.0,7.740001678466797,7.740001678466797,0.0,0.0,-7.500001907348633,-7.740001678466797
DROSOPHILA_TRANSFER__DROSOPHILA,64,0.0,0.0,15.539997100830078,15.599998474121094,0.0,15.539997100830078,15.599998474121094,0.060001373291015625,0.0,0.0,7.799999237060547,7.799999237060547,0.0,0.0,-7.739997863769531,-7.799999237060547
DROSOPHILA_TRANSFER__DROSOPHILA,65,0.0,0.0,16.560001373291016,16.68000030517578,0.0,16.560001373291016,16.68000030517578,0.11999893188476562,0.0,0.0,8.34000015258789,8.34000015258789,0.0,0.0,-8.220001220703125,-8.34000015258789
DROSOPHILA_TRANSFER__DROSOPHILA,66,0.0,0.0,18.240001678466797,18.23999786376953,0.0,18.240001678466797,18.23999786376953,-3.814697265625e-06,0.0,0.0,9.119998931884766,9.119998931884766,0.0,0.0,-9.120002746582031,-9.119998931884766
DROSOPHILA_TRANSFER__DROSOPHILA,67,0.0,0.0,16.380001068115234,16.44000244140625,0.0,16.380001068115234,16.44000244140625,0.060001373291015625,0.0,0.0,8.220001220703125,8.220001220703125,0.0,0.0,-8.15999984741211,-8.220001220703125
DROSOPHILA_TRANSFER__DROSOPHILA,68,0.0,0.0,17.76000213623047,17.76000213623047,0.0,17.76000213623047,17.76000213623047,0.0,0.0,0.0,8.880001068115234,8.880001068115234,0.0,0.0,-8.880001068115234,-8.880001068115234
DROSOPHILA_TRANSFER__DROSOPHILA,69,0.0,0.0,18.30000114440918,18.60000228881836,0.0,18.30000114440918,18.60000228881836,0.3000011444091797,0.0,0.0,9.300003051757812,9.300003051757812,0.0,0.0,-8.999998092651367,-9.299999237060547
DROSOPHILA_TRANSFER__DROSOPHILA,70,0.0,0.0,14.940000534057617,15.0,0.0,14.940000534057617,15.0,0.05999946594238281,0.0,0.0,7.5,7.5,0.0,0.0,-7.440000534057617,-7.5
DROSOPHILA_TRANSFER__DROSOPHILA,71,0.0,0.0,16.799999237060547,16.79999542236328,0.0,16.799999237060547,16.79999542236328,-3.814697265625e-06,0.0,0.0,8.39999771118164,8.39999771118164,0.0,0.0,-8.400001525878906,-8.39999771118164
DROSOPHILA_TRANSFER__DROSOPHILA,72,0.0,0.0,16.920000076293945,16.919998168945312,0.0,16.920000076293945,16.919998168945312,-1.9073486328125e-06,0.0,0.0,8.459999084472656,8.459999084472656,0.0,0.0,-8.460000991821289,-8.459999084472656
DROSOPHILA_TRANSFER__DROSOPHILA,73,0.0,0.0,16.73999786376953,16.799999237060547,0.0,16.73999786376953,16.799999237060547,0.060001373291015625,0.0,0.0,8.39999771118164,8.39999771118164,0.0,0.0,-8.34000015258789,-8.400001525878906
DROSOPHILA_TRANSFER__DROSOPHILA,74,0.0,0.0,19.020000457763672,19.080001831054688,0.0,19.020000457763672,19.080001831054688,0.060001373291015625,0.0,0.0,9.540000915527344,9.540000915527344,0.0,0.0,-9.479999542236328,-9.540000915527344
DROSOPHILA_TRANSFER__DROSOPHILA,75,0.0,0.0,17.459999084472656,17.520000457763672,0.0,17.459999084472656,17.520000457763672,0.060001373291015625,0.0,0.0,8.759998321533203,8.759998321533203,0.0,0.0,-8.700000762939453,-8.760002136230469
DROSOPHILA_TRANSFER__DROSOPHILA,76,0.0,0.0,17.10000228881836,17.279998779296875,0.0,17.10000228881836,17.279998779296875,0.17999649047851562,0.0,0.0,8.639999389648438,8.639999389648438,0.0,0.0,-8.460002899169922,-8.639999389648438
DROSOPHILA_TRANSFER__DROSOPHILA,77,0.0,0.0,15.960002899169922,16.079998016357422,0.0,15.960002899169922,16.079998016357422,0.1199951171875,0.0,0.0,8.040000915527344,8.040000915527344,0.0,0.0,-7.920001983642578,-8.039997100830078
DROSOPHILA_TRANSFER__DROSOPHILA,78,0.0,0.0,18.48000144958496,18.599998474121094,0.0,18.48000144958496,18.599998474121094,0.11999702453613281,0.0,0.0,9.299999237060547,9.299999237060547,0.0,0.0,-9.180002212524414,-9.299999237060547
DROSOPHILA_TRANSFER__DROSOPHILA,79,0.0,0.0,15.720003128051758,15.720001220703125,0.0,15.720003128051758,15.720001220703125,-1.9073486328125e-06,0.0,0.0,7.8600006103515625,7.8600006103515625,0.0,0.0,-7.860002517700195,-7.8600006103515625
DROSOPHILA_TRANSFER__DROSOPHILA,80,0.0,0.0,18.480005264282227,18.480003356933594,0.0,18.480005264282227,18.480003356933594,-1.9073486328125e-06,0.0,0.0,9.240001678466797,9.240001678466797,0.0,0.0,-9.24000358581543,-9.240001678466797
DROSOPHILA_TRANSFER__DROSOPHILA,81,0.0,0.0,15.540002822875977,15.599998474121094,0.0,15.540002822875977,15.599998474121094,0.05999565124511719,0.0,0.0,7.799999237060547,7.799999237060547,0.0,0.0,-7.74000358581543,-7.799999237060547
DROSOPHILA_TRANSFER__DROSOPHILA,82,0.0,0.0,17.460004806518555,17.520000457763672,0.0,17.460004806518555,17.520000457763672,0.05999565124511719,0.0,0.0,8.760002136230469,8.760002136230469,0.0,0.0,-8.700002670288086,-8.759998321533203
DROSOPHILA_TRANSFER__DROSOPHILA,83,0.0,0.0,17.040000915527344,17.28000259399414,0.0,17.040000915527344,17.28000259399414,0.24000167846679688,0.0,0.0,8.639999389648438,8.639999389648438,0.0,0.0,-8.400001525878906,-8.640003204345703
DROSOPHILA_TRANSFER__DROSOPHILA,84,0.0,0.0,15.84000015258789,15.840003967285156,0.0,15.84000015258789,15.840003967285156,3.814697265625e-06,0.0,0.0,7.920001983642578,7.920001983642578,0.0,0.0,-7.9199981689453125,-7.920001983642578
DROSOPHILA_TRANSFER__DROSOPHILA,85,0.0,0.0,17.8800048828125,17.880001068115234,0.0,17.8800048828125,17.880001068115234,-3.814697265625e-06,0.0,0.0,8.94000244140625,8.94000244140625,0.0,0.0,-8.94000244140625,-8.939998626708984
DROSOPHILA_TRANSFER__DROSOPHILA,86,0.0,0.0,17.460002899169922,17.519996643066406,0.0,17.460002899169922,17.519996643066406,0.059993743896484375,0.0,0.0,8.759998321533203,8.759998321533203,0.0,0.0,-8.700004577636719,-8.759998321533203
DROSOPHILA_TRANSFER__DROSOPHILA,87,0.0,0.0,14.880001068115234,14.879997253417969,0.0,14.880001068115234,14.879997253417969,-3.814697265625e-06,0.0,0.0,7.439998626708984,7.439998626708984,0.0,0.0,-7.44000244140625,-7.439998626708984
DROSOPHILA_TRANSFER__DROSOPHILA,88,0.0,0.0,17.040000915527344,17.15999984741211,0.0,17.040000915527344,17.15999984741211,0.11999893188476562,0.0,0.0,8.579998016357422,8.579998016357422,0.0,0.0,-8.460002899169922,-8.580001831054688
DROSOPHILA_TRANSFER__DROSOPHILA,89,0.0,0.0,17.580001831054688,17.76000213623047,0.0,17.580001831054688,17.76000213623047,0.18000030517578125,0.0,0.0,8.880001068115234,8.880001068115234,0.0,0.0,-8.700000762939453,-8.880001068115234
DROSOPHILA_TRANSFER__DROSOPHILA,90,0.0,0.0,16.68000030517578,16.68000030517578,0.0,16.68000030517578,16.68000030517578,0.0,0.0,0.0,8.34000015258789,8.34000015258789,0.0,0.0,-8.34000015258789,-8.34000015258789
DROSOPHILA_TRANSFER__DROSOPHILA,91,0.0,0.0,17.28000259399414,17.400001525878906,0.0,17.28000259399414,17.400001525878906,0.11999893188476562,0.0,0.0,8.700000762939453,8.700000762939453,0.0,0.0,-8.580001831054688,-8.700000762939453
DROSOPHILA_TRANSFER__DROSOPHILA,92,0.0,0.0,16.31999969482422,16.439998626708984,0.0,16.31999969482422,16.439998626708984,0.11999893188476562,0.0,0.0,8.220001220703125,8.220001220703125,0.0,0.0,-8.099998474121094,-8.21999740600586
DROSOPHILA_TRANSFER__DROSOPHILA,93,0.0,0.0,16.73999786376953,16.799999237060547,0.0,16.73999786376953,16.799999237060547,0.060001373291015625,0.0,0.0,8.39999771118164,8.39999771118164,0.0,0.0,-8.34000015258789,-8.400001525878906
DROSOPHILA_TRANSFER__DROSOPHILA,94,0.0,0.0,18.0,18.0,0.0,18.0,18.0,0.0,0.0,0.0,9.0,9.0,0.0,0.0,-9.0,-9.0
DROSOPHILA_TRANSFER__DROSOPHILA,95,0.0,0.0,17.940004348754883,18.000003814697266,0.0,17.940004348754883,18.000003814697266,0.05999946594238281,0.0,0.0,9.000003814697266,9.000003814697266,0.0,0.0,-8.940000534057617,-9.0
DROSOPHILA_TRANSFER__DROSOPHILA,96,0.0,0.0,16.200000762939453,16.44000244140625,0.0,16.200000762939453,16.44000244140625,0.24000167846679688,0.0,0.0,8.220001220703125,8.220001220703125,0.0,0.0,-7.979999542236328,-8.220001220703125
DROSOPHILA_TRANSFER__DROSOPHILA,97,0.0,0.0,16.140005111694336,16.20000457763672,0.0,16.140005111694336,16.20000457763672,0.05999946594238281,0.0,0.0,8.10000228881836,8.10000228881836,0.0,0.0,-8.040002822875977,-8.10000228881836
DROSOPHILA_TRANSFER__DROSOPHILA,98,0.0,0.0,15.60000228881836,15.720001220703125,0.0,15.60000228881836,15.720001220703125,0.11999893188476562,0.0,0.0,7.8600006103515625,7.8600006103515625,0.0,0.0,-7.740001678466797,-7.8600006103515625
DROSOPHILA_TRANSFER__DROSOPHILA,99,0.0,0.0,17.520002365112305,17.519996643066406,0.0,17.520002365112305,17.519996643066406,-5.7220458984375e-06,0.0,0.0,8.759998321533203,8.759998321533203,0.0,0.0,-8.760004043579102,-8.759998321533203
HONEYBEE__BEE,0,0.0,0.0,-10.380001068115234,-11.620000839233398,0.0,-10.380001068115234,-11.620000839233398,-1.239999771118164,0.0,0.0,-2.6399974822998047,-2.6399974822998047,0.0,0.0,7.74000358581543,8.980003356933594
HONEYBEE__BEE,1,0.0,0.0,-7.499996185302734,-8.819997787475586,0.0,-7.499996185302734,-8.819997787475586,-1.3200016021728516,0.0,0.0,-1.0399971008300781,-1.0399971008300781,0.0,0.0,6.459999084472656,7.780000686645508
HONEYBEE__BEE,2,0.0,0.0,-8.359996795654297,-9.659996032714844,0.0,-8.359996795654297,-9.659996032714844,-1.2999992370605469,0.0,0.0,-1.5199966430664062,-1.5199966430664062,0.0,0.0,6.840000152587891,8.139999389648438
HONEYBEE__BEE,3,0.0,0.0,-8.559995651245117,-9.939998626708984,0.0,-8.559995651245117,-9.939998626708984,-1.3800029754638672,0.0,0.0,-1.6799964904785156,-1.6799964904785156,0.0,0.0,6.879999160766602,8.260002136230469
HONEYBEE__BEE,4,0.0,0.0,-8.71999740600586,-10.079999923706055,0.0,-8.71999740600586,-10.079999923706055,-1.3600025177001953,0.0,0.0,-1.7599964141845703,-1.7599964141845703,0.0,0.0,6.960000991821289,8.320003509521484
HONEYBEE__BEE,5,0.0,0.0,-8.159996032714844,-9.519996643066406,0.0,-8.159996032714844,-9.519996643066406,-1.3600006103515625,0.0,0.0,-1.4399948120117188,-1.4399948120117188,0.0,0.0,6.720001220703125,8.080001831054688
HONEYBEE__BEE,6,0.0,0.0,-9.019998550415039,-10.220001220703125,0.0,-9.019998550415039,-10.220001220703125,-1.200002670288086,0.0,0.0,-1.839996337890625,-1.839996337890625,0.0,0.0,7.180002212524414,8.3800048828125
HONEYBEE__BEE,7,0.0,0.0,-9.900001525878906,-10.919998168945312,0.0,-9.900001525878906,-10.919998168945312,-1.0199966430664062,0.0,0.0,-2.2399978637695312,-2.2399978637695312,0.0,0.0,7.660003662109375,8.680000305175781
HONEYBEE__BEE,8,0.0,0.0,-9.200000762939453,-10.35999870300293,0.0,-9.200000762939453,-10.35999870300293,-1.1599979400634766,0.0,0.0,-1.9199962615966797,-1.9199962615966797,0.0,0.0,7.280004501342773,8.44000244140625
HONEYBEE__BEE,9,0.0,0.0,-9.039999008178711,-10.080001831054688,0.0,-9.039999008178711,-10.080001831054688,-1.0400028228759766,0.0,0.0,-1.7599983215332031,-1.7599983215332031,0.0,0.0,7.280000686645508,8.320003509521484
HONEYBEE__BEE,10,0.0,0.0,-9.059999465942383,-10.21999740600586,0.0,-9.059999465942383,-10.21999740600586,-1.1599979400634766,0.0,0.0,-1.839996337890625,-1.839996337890625,0.0,0.0,7.220003128051758,8.380001068115234
HONEYBEE__BEE,11,0.0,0.0,-8.760002136230469,-10.079996109008789,0.0,-8.760002136230469,-10.079996109008789,-1.3199939727783203,0.0,0.0,-1.7599964141845703,-1.7599964141845703,0.0,0.0,7.000005722045898,8.319999694824219
HONEYBEE__BEE,12,0.0,0.0,-8.659997940063477,-9.80000114440918,0.0,-8.659997940063477,-9.80000114440918,-1.1400032043457031,0.0,0.0,-1.599996566772461,-1.599996566772461,0.0,0.0,7.060001373291016,8.200004577636719
HONEYBEE__BEE,13,0.0,0.0,-7.079999923706055,-8.39999771118164,0.0,-7.079999923706055,-8.39999771118164,-1.319997787475586,0.0,0.0,-0.7999954223632812,-0.7999954223632812,0.0,0.0,6.280004501342773,7.600002288818359
HONEYBEE__BEE,14,0.0,0.0,-7.939996719360352,-9.239999771118164,0.0,-7.939996719360352,-9.239999771118164,-1.3000030517578125,0.0,0.0,-1.2799968719482422,-1.2799968719482422,0.0,0.0,6.659999847412109,7.960002899169922
HONEYBEE__BEE,15,0.0,0.0,-8.959999084472656,-10.079999923706055,0.0,-8.959999084472656,-10.079999923706055,-1.1200008392333984,0.0,0.0,-1.7599964141845703,-1.7599964141845703,0.0,0.0,7.200002670288086,8.320003509521484
HONEYBEE__BEE,16,0.0,0.0,-6.999996185302734,-8.399999618530273,0.0,-6.999996185302734,-8.399999618530273,-1.400003433227539,0.0,0.0,-0.7999954223632812,-0.7999954223632812,0.0,0.0,6.200000762939453,7.600004196166992
HONEYBEE__BEE,17,0.0,0.0,-8.320001602172852,-9.520004272460938,0.0,-8.320001602172852,-9.520004272460938,-1.200002670288086,0.0,0.0,-1.4399986267089844,-1.4399986267089844,0.0,0.0,6.880002975463867,8.080005645751953
HONEYBEE__BEE,18,0.0,0.0,-9.740001678466797,-10.779998779296875,0.0,-9.740001678466797,-10.779998779296875,-1.0399971008300781,0.0,0.0,-2.1599960327148438,-2.1599960327148438,0.0,0.0,7.580005645751953,8.620002746582031
HONEYBEE__BEE,19,0.0,0.0,-9.380001068115234,-10.500001907348633,0.0,-9.380001068115234,-10.500001907348633,-1.1200008392333984,0.0,0.0,-1.9999980926513672,-1.9999980926513672,0.0,0.0,7.380002975463867,8.500003814697266
HONEYBEE__BEE,20,0.0,0.0,-7.479997634887695,-8.960000991821289,0.0,-7.479997634887695,-8.960000991821289,-1.4800033569335938,0.0,0.0,-1.1199970245361328,-1.1199970245361328,0.0,0.0,6.3600006103515625,7.840003967285156
HONEYBEE__BEE,21,0.0,0.0,-8.759998321533203,-9.939998626708984,0.0,-8.759998321533203,-9.939998626708984,-1.1800003051757812,0.0,0.0,-1.6799964904785156,-1.6799964904785156,0.0,0.0,7.0800018310546875,8.260002136230469
HONEYBEE__BEE,22,0.0,0.0,-7.400001525878906,-8.680002212524414,0.0,-7.400001525878906,-8.680002212524414,-1.2800006866455078,0.0,0.0,-0.9599971771240234,-0.9599971771240234,0.0,0.0,6.440004348754883,7.720005035400391
HONEYBEE__BEE,23,0.0,0.0,-9.239997863769531,-10.360000610351562,0.0,-9.239997863769531,-10.360000610351562,-1.1200027465820312,0.0,0.0,-1.9199981689453125,-1.9199981689453125,0.0,0.0,7.319999694824219,8.44000244140625
HONEYBEE__BEE,24,0.0,0.0,-7.780000686645508,-8.960000991821289,0.0,-7.780000686645508,-8.960000991821289,-1.1800003051757812,0.0,0.0,-1.1199970245361328,-1.1199970245361328,0.0,0.0,6.660003662109375,7.840003967285156
HONEYBEE__BEE,25,0.0,0.0,-7.5,-8.959999084472656,0.0,-7.5,-8.959999084472656,-1.4599990844726562,0.0,0.0,-1.1199970245361328,-1.1199970245361328,0.0,0.0,6.380002975463867,7.840002059936523
HONEYBEE__BEE,26,0.0,0.0,-7.30000114440918,-8.680000305175781,0.0,-7.30000114440918,-8.680000305175781,-1.3799991607666016,0.0,0.0,-0.9599971771240234,-0.9599971771240234,0.0,0.0,6.340003967285156,7.720003128051758
HONEYBEE__BEE,27,0.0,0.0,-9.639999389648438,-10.779998779296875,0.0,-9.639999389648438,-10.779998779296875,-1.1399993896484375,0.0,0.0,-2.1599960327148438,-2.1599960327148438,0.0,0.0,7.480003356933594,8.620002746582031
HONEYBEE__BEE,28,0.0,0.0,-10.360000610351562,-11.340002059936523,0.0,-10.360000610351562,-11.340002059936523,-0.9800014495849609,0.0,0.0,-2.4799976348876953,-2.4799976348876953,0.0,0.0,7.880002975463867,8.860004425048828
HONEYBEE__BEE,29,0.0,0.0,-9.779998779296875,-10.779998779296875,0.0,-9.779998779296875,-10.779998779296875,-1.0,0.0,0.0,-2.1599960327148438,-2.1599960327148438,0.0,0.0,7.620002746582031,8.620002746582031
HONEYBEE__BEE,30,0.0,0.0,-8.919998168945312,-10.360000610351562,0.0,-8.919998168945312,-10.360000610351562,-1.44000244140625,0.0,0.0,-1.9199981689453125,-1.9199981689453125,0.0,0.0,7.0,8.44000244140625
HONEYBEE__BEE,31,0.0,0.0,-7.560001373291016,-8.680000305175781,0.0,-7.560001373291016,-8.680000305175781,-1.1199989318847656,0.0,0.0,-0.9599971771240234,-0.9599971771240234,0.0,0.0,6.600004196166992,7.720003128051758
HONEYBEE__BEE,32,0.0,0.0,-7.059999465942383,-8.400001525878906,0.0,-7.059999465942383,-8.400001525878906,-1.3400020599365234,0.0,0.0,-0.7999973297119141,-0.7999973297119141,0.0,0.0,6.260002136230469,7.600004196166992
HONEYBEE__BEE,33,0.0,0.0,-5.819999694824219,-7.139997482299805,0.0,-5.819999694824219,-7.139997482299805,-1.319997787475586,0.0,0.0,-0.07999610900878906,-0.07999610900878906,0.0,0.0,5.74000358581543,7.060001373291016
HONEYBEE__BEE,34,0.0,0.0,-9.0,-10.220001220703125,0.0,-9.0,-10.220001220703125,-1.220001220703125,0.0,0.0,-1.839996337890625,-1.839996337890625,0.0,0.0,7.160003662109375,8.3800048828125
HONEYBEE__BEE,35,0.0,0.0,-11.34000015258789,-12.320003509521484,0.0,-11.34000015258789,-12.320003509521484,-0.9800033569335938,0.0,0.0,-3.039997100830078,-3.039997100830078,0.0,0.0,8.300003051757812,9.280006408691406
HONEYBEE__BEE,36,0.0,0.0,-11.099998474121094,-12.179998397827148,0.0,-11.099998474121094,-12.179998397827148,-1.0799999237060547,0.0,0.0,-2.9599971771240234,-2.9599971771240234,0.0,0.0,8.14000129699707,9.220001220703125
HONEYBEE__BEE,37,0.0,0.0,-8.100000381469727,-9.239999771118164,0.0,-8.100000381469727,-9.239999771118164,-1.1399993896484375,0.0,0.0,-1.2799968719482422,-1.2799968719482422,0.0,0.0,6.820003509521484,7.960002899169922
HONEYBEE__BEE,38,0.0,0.0,-8.520000457763672,-9.65999984741211,0.0,-8.520000457763672,-9.65999984741211,-1.1399993896484375,0.0,0.0,-1.5199966430664062,-1.5199966430664062,0.0,0.0,7.000003814697266,8.140003204345703
HONEYBEE__BEE,39,0.0,0.0,-9.479997634887695,-10.640003204345703,0.0,-9.479997634887695,-10.640003204345703,-1.1600055694580078,0.0,0.0,-2.079998016357422,-2.079998016357422,0.0,0.0,7.399999618530273,8.560005187988281
HONEYBEE__BEE,40,0.0,0.0,-7.85999870300293,-9.100000381469727,0.0,-7.85999870300293,-9.100000381469727,-1.2400016784667969,0.0,0.0,-1.1999969482421875,-1.1999969482421875,0.0,0.0,6.660001754760742,7.900003433227539
HONEYBEE__BEE,41,0.0,0.0,-7.660001754760742,-8.960000991821289,0.0,-7.660001754760742,-8.960000991821289,-1.2999992370605469,0.0,0.0,-1.1199970245361328,-1.1199970245361328,0.0,0.0,6.540004730224609,7.840003967285156
HONEYBEE__BEE,42,0.0,0.0,-7.479999542236328,-8.819999694824219,0.0,-7.479999542236328,-8.819999694824219,-1.3400001525878906,0.0,0.0,-1.0399971008300781,-1.0399971008300781,0.0,0.0,6.44000244140625,7.780002593994141
HONEYBEE__BEE,43,0.0,0.0,-9.240001678466797,-10.220003128051758,0.0,-9.240001678466797,-10.220003128051758,-0.9800014495849609,0.0,0.0,-1.8399982452392578,-1.8399982452392578,0.0,0.0,7.400003433227539,8.3800048828125
HONEYBEE__BEE,44,0.0,0.0,-8.340002059936523,-9.65999984741211,0.0,-8.340002059936523,-9.65999984741211,-1.319997787475586,0.0,0.0,-1.5199966430664062,-1.5199966430664062,0.0,0.0,6.820005416870117,8.140003204345703
HONEYBEE__BEE,45,0.0,0.0,-8.480001449584961,-9.800003051757812,0.0,-8.480001449584961,-9.800003051757812,-1.3200016021728516,0.0,0.0,-1.5999984741210938,-1.5999984741210938,0.0,0.0,6.880002975463867,8.200004577636719
HONEYBEE__BEE,46,0.0,0.0,-8.059999465942383,-9.380001068115234,0.0,-8.059999465942383,-9.380001068115234,-1.3200016021728516,0.0,0.0,-1.3599967956542969,-1.3599967956542969,0.0,0.0,6.700002670288086,8.020004272460938
HONEYBEE__BEE,47,0.0,0.0,-7.600000381469727,-8.960000991821289,0.0,-7.600000381469727,-8.960000991821289,-1.3600006103515625,0.0,0.0,-1.1199970245361328,-1.1199970245361328,0.0,0.0,6.480003356933594,7.840003967285156
HONEYBEE__BEE,48,0.0,0.0,-9.939998626708984,-11.200000762939453,0.0,-9.939998626708984,-11.200000762939453,-1.2600021362304688,0.0,0.0,-2.3999977111816406,-2.3999977111816406,0.0,0.0,7.540000915527344,8.800003051757812
HONEYBEE__BEE,49,0.0,0.0,-7.760002136230469,-8.960000991821289,0.0,-7.760002136230469,-8.960000991821289,-1.1999988555908203,0.0,0.0,-1.1199970245361328,-1.1199970245361328,0.0,0.0,6.640005111694336,7.840003967285156
HONEYBEE__BEE,50,0.0,0.0,-9.760000228881836,-10.920001983642578,0.0,-9.760000228881836,-10.920001983642578,-1.1600017547607422,0.0,0.0,-2.2399978637695312,-2.2399978637695312,0.0,0.0,7.520002365112305,8.680004119873047
HONEYBEE__BEE,51,0.0,0.0,-8.819997787475586,-9.939998626708984,0.0,-8.819997787475586,-9.939998626708984,-1.1200008392333984,0.0,0.0,-1.6799964904785156,-1.6799964904785156,0.0,0.0,7.14000129699707,8.260002136230469
HONEYBEE__BEE,52,0.0,0.0,-8.359996795654297,-9.659996032714844,0.0,-8.359996795654297,-9.659996032714844,-1.2999992370605469,0.0,0.0,-1.5199966430664062,-1.5199966430664062,0.0,0.0,6.840000152587891,8.139999389648438
HONEYBEE__BEE,53,0.0,0.0,-7.3600006103515625,-8.540000915527344,0.0,-7.3600006103515625,-8.540000915527344,-1.1800003051757812,0.0,0.0,-0.8799972534179688,-0.8799972534179688,0.0,0.0,6.480003356933594,7.660003662109375
HONEYBEE__BEE,54,0.0,0.0,-7.059999465942383,-8.540000915527344,0.0,-7.059999465942383,-8.540000915527344,-1.480001449584961,0.0,0.0,-0.8799972534179688,-0.8799972534179688,0.0,0.0,6.180002212524414,7.660003662109375
HONEYBEE__BEE,55,0.0,0.0,-6.85999870300293,-8.259998321533203,0.0,-6.85999870300293,-8.259998321533203,-1.3999996185302734,0.0,0.0,-0.7199954986572266,-0.7199954986572266,0.0,0.0,6.140003204345703,7.540002822875977
HONEYBEE__BEE,56,0.0,0.0,-8.840002059936523,-10.080001831054688,0.0,-8.840002059936523,-10.080001831054688,-1.239999771118164,0.0,0.0,-1.7599983215332031,-1.7599983215332031,0.0,0.0,7.08000373840332,8.320003509521484
HONEYBEE__BEE,57,0.0,0.0,-7.459997177124023,-8.680000305175781,0.0,-7.459997177124023,-8.680000305175781,-1.2200031280517578,0.0,0.0,-0.9599971771240234,-0.9599971771240234,0.0,0.0,6.5,7.720003128051758
HONEYBEE__BEE,58,0.0,0.0,-9.200000762939453,-10.5,0.0,-9.200000762939453,-10.5,-1.2999992370605469,0.0,0.0,-1.9999961853027344,-1.9999961853027344,0.0,0.0,7.200004577636719,8.500003814697266
HONEYBEE__BEE,59,0.0,0.0,-8.700000762939453,-9.939998626708984,0.0,-8.700000762939453,-9.939998626708984,-1.2399978637695312,0.0,0.0,-1.6799964904785156,-1.6799964904785156,0.0,0.0,7.0200042724609375,8.260002136230469
HONEYBEE__BEE,60,0.0,0.0,-8.900001525878906,-10.080001831054688,0.0,-8.900001525878906,-10.080001831054688,-1.1800003051757812,0.0,0.0,-1.7599983215332031,-1.7599983215332031,0.0,0.0,7.140003204345703,8.320003509521484
HONEYBEE__BEE,61,0.0,0.0,-8.339998245239258,-9.519998550415039,0.0,-8.339998245239258,-9.519998550415039,-1.1800003051757812,0.0,0.0,-1.4399967193603516,-1.4399967193603516,0.0,0.0,6.900001525878906,8.080001831054688
HONEYBEE__BEE,62,0.0,0.0,-9.360000610351562,-10.5,0.0,-9.360000610351562,-10.5,-1.1399993896484375,0.0,0.0,-1.9999961853027344,-1.9999961853027344,0.0,0.0,7.360004425048828,8.500003814697266
HONEYBEE__BEE,63,0.0,0.0,-8.199996948242188,-9.24000358581543,0.0,-8.199996948242188,-9.24000358581543,-1.0400066375732422,0.0,0.0,-1.2799968719482422,-1.2799968719482422,0.0,0.0,6.920000076293945,7.9600067138671875
HONEYBEE__BEE,64,0.0,0.0,-10.040002822875977,-11.200000762939453,0.0,-10.040002822875977,-11.200000762939453,-1.1599979400634766,0.0,0.0,-2.3999977111816406,-2.3999977111816406,0.0,0.0,7.640005111694336,8.800003051757812
HONEYBEE__BEE,65,0.0,0.0,-7.1399993896484375,-8.540000915527344,0.0,-7.1399993896484375,-8.540000915527344,-1.4000015258789062,0.0,0.0,-0.8799972534179688,-0.8799972534179688,0.0,0.0,6.260002136230469,7.660003662109375
HONEYBEE__BEE,66,0.0,0.0,-10.44000244140625,-11.340002059936523,0.0,-10.44000244140625,-11.340002059936523,-0.8999996185302734,0.0,0.0,-2.4799976348876953,-2.4799976348876953,0.0,0.0,7.960004806518555,8.860004425048828
HONEYBEE__BEE,67,0.0,0.0,-8.339998245239258,-9.519998550415039,0.0,-8.339998245239258,-9.519998550415039,-1.1800003051757812,0.0,0.0,-1.4399967193603516,-1.4399967193603516,0.0,0.0,6.900001525878906,8.080001831054688
HONEYBEE__BEE,68,0.0,0.0,-7.3600006103515625,-8.539999008178711,0.0,-7.3600006103515625,-8.539999008178711,-1.1799983978271484,0.0,0.0,-0.8799972534179688,-0.8799972534179688,0.0,0.0,6.480003356933594,7.660001754760742
HONEYBEE__BEE,69,0.0,0.0,-8.460002899169922,-9.65999984741211,0.0,-8.460002899169922,-9.65999984741211,-1.1999969482421875,0.0,0.0,-1.5199966430664062,-1.5199966430664062,0.0,0.0,6.940006256103516,8.140003204345703
HONEYBEE__BEE,70,0.0,0.0,-9.499998092651367,-10.779998779296875,0.0,-9.499998092651367,-10.779998779296875,-1.2800006866455078,0.0,0.0,-2.1599960327148438,-2.1599960327148438,0.0,0.0,7.340002059936523,8.620002746582031
HONEYBEE__BEE,71,0.0,0.0,-7.680000305175781,-9.10000228881836,0.0,-7.680000305175781,-9.10000228881836,-1.4200019836425781,0.0,0.0,-1.1999969482421875,-1.1999969482421875,0.0,0.0,6.480003356933594,7.900005340576172
HONEYBEE__BEE,72,0.0,0.0,-8.680002212524414,-9.80000114440918,0.0,-8.680002212524414,-9.80000114440918,-1.1199989318847656,0.0,0.0,-1.599996566772461,-1.599996566772461,0.0,0.0,7.080005645751953,8.200004577636719
HONEYBEE__BEE,73,0.0,0.0,-8.340002059936523,-9.660003662109375,0.0,-8.340002059936523,-9.660003662109375,-1.3200016021728516,0.0,0.0,-1.5199966430664062,-1.5199966430664062,0.0,0.0,6.820005416870117,8.140007019042969
HONEYBEE__BEE,74,0.0,0.0,-8.89999771118164,-10.080001831054688,0.0,-8.89999771118164,-10.080001831054688,-1.1800041198730469,0.0,0.0,-1.7599983215332031,-1.7599983215332031,0.0,0.0,7.1399993896484375,8.320003509521484
HONEYBEE__BEE,75,0.0,0.0,-7.960000991821289,-9.239999771118164,0.0,-7.960000991821289,-9.239999771118164,-1.279998779296875,0.0,0.0,-1.2799968719482422,-1.2799968719482422,0.0,0.0,6.680004119873047,7.960002899169922
HONEYBEE__BEE,76,0.0,0.0,-7.119997024536133,-8.539999008178711,0.0,-7.119997024536133,-8.539999008178711,-1.4200019836425781,0.0,0.0,-0.8799972534179688,-0.8799972534179688,0.0,0.0,6.239999771118164,7.660001754760742
HONEYBEE__BEE,77,0.0,0.0,-7.780000686645508,-9.10000228881836,0.0,-7.780000686645508,-9.10000228881836,-1.3200016021728516,0.0,0.0,-1.1999969482421875,-1.1999969482421875,0.0,0.0,6.58000373840332,7.900005340576172
HONEYBEE__BEE,78,0.0,0.0,-7.979999542236328,-9.380001068115234,0.0,-7.979999542236328,-9.380001068115234,-1.4000015258789062,0.0,0.0,-1.3599967956542969,-1.3599967956542969,0.0,0.0,6.620002746582031,8.020004272460938
HONEYBEE__BEE,79,0.0,0.0,-9.619998931884766,-10.780000686645508,0.0,-9.619998931884766,-10.780000686645508,-1.1600017547607422,0.0,0.0,-2.1599979400634766,-2.1599979400634766,0.0,0.0,7.460000991821289,8.620002746582031
HONEYBEE__BEE,80,0.0,0.0,-8.360000610351562,-9.65999984741211,0.0,-8.360000610351562,-9.65999984741211,-1.2999992370605469,0.0,0.0,-1.5199966430664062,-1.5199966430664062,0.0,0.0,6.840003967285156,8.140003204345703
HONEYBEE__BEE,81,0.0,0.0,-9.460002899169922,-10.640003204345703,0.0,-9.460002899169922,-10.640003204345703,-1.1800003051757812,0.0,0.0,-2.079998016357422,-2.079998016357422,0.0,0.0,7.3800048828125,8.560005187988281
HONEYBEE__BEE,82,0.0,0.0,-7.439998626708984,-8.680002212524414,0.0,-7.439998626708984,-8.680002212524414,-1.2400035858154297,0.0,0.0,-0.9599971771240234,-0.9599971771240234,0.0,0.0,6.480001449584961,7.720005035400391
HONEYBEE__BEE,83,0.0,0.0,-8.399999618530273,-9.520000457763672,0.0,-8.399999618530273,-9.520000457763672,-1.1200008392333984,0.0,0.0,-1.4399986267089844,-1.4399986267089844,0.0,0.0,6.960000991821289,8.080001831054688
HONEYBEE__BEE,84,0.0,0.0,-8.039997100830078,-9.380001068115234,0.0,-8.039997100830078,-9.380001068115234,-1.3400039672851562,0.0,0.0,-1.3599967956542969,-1.3599967956542969,0.0,0.0,6.680000305175781,8.020004272460938
HONEYBEE__BEE,85,0.0,0.0,-7.479997634887695,-8.679996490478516,0.0,-7.479997634887695,-8.679996490478516,-1.1999988555908203,0.0,0.0,-0.9599952697753906,-0.9599952697753906,0.0,0.0,6.520002365112305,7.720001220703125
HONEYBEE__BEE,86,0.0,0.0,-8.420001983642578,-9.800003051757812,0.0,-8.420001983642578,-9.800003051757812,-1.3800010681152344,0.0,0.0,-1.5999984741210938,-1.5999984741210938,0.0,0.0,6.820003509521484,8.200004577636719
HONEYBEE__BEE,87,0.0,0.0,-9.28000259399414,-10.220001220703125,0.0,-9.28000259399414,-10.220001220703125,-0.9399986267089844,0.0,0.0,-1.839996337890625,-1.839996337890625,0.0,0.0,7.440006256103516,8.3800048828125
HONEYBEE__BEE,88,0.0,0.0,-8.579998016357422,-9.800003051757812,0.0,-8.579998016357422,-9.800003051757812,-1.2200050354003906,0.0,0.0,-1.5999984741210938,-1.5999984741210938,0.0,0.0,6.979999542236328,8.200004577636719
HONEYBEE__BEE,89,0.0,0.0,-7.860002517700195,-9.239999771118164,0.0,-7.860002517700195,-9.239999771118164,-1.3799972534179688,0.0,0.0,-1.2799968719482422,-1.2799968719482422,0.0,0.0,6.580005645751953,7.960002899169922
HONEYBEE__BEE,90,0.0,0.0,-11.520000457763672,-12.460000991821289,0.0,-11.520000457763672,-12.460000991821289,-0.9400005340576172,0.0,0.0,-3.119997024536133,-3.119997024536133,0.0,0.0,8.400003433227539,9.340003967285156
HONEYBEE__BEE,91,0.0,0.0,-8.359996795654297,-9.660003662109375,0.0,-8.359996795654297,-9.660003662109375,-1.3000068664550781,0.0,0.0,-1.5199966430664062,-1.5199966430664062,0.0,0.0,6.840000152587891,8.140007019042969
HONEYBEE__BEE,92,0.0,0.0,-8.019996643066406,-9.519998550415039,0.0,-8.019996643066406,-9.519998550415039,-1.5000019073486328,0.0,0.0,-1.4399967193603516,-1.4399967193603516,0.0,0.0,6.579999923706055,8.080001831054688
HONEYBEE__BEE,93,0.0,0.0,-6.620000839233398,-7.979999542236328,0.0,-6.620000839233398,-7.979999542236328,-1.3599987030029297,0.0,0.0,-0.55999755859375,-0.55999755859375,0.0,0.0,6.060003280639648,7.420001983642578
HONEYBEE__BEE,94,0.0,0.0,-8.779998779296875,-9.800003051757812,0.0,-8.779998779296875,-9.800003051757812,-1.0200042724609375,0.0,0.0,-1.5999984741210938,-1.5999984741210938,0.0,0.0,7.180000305175781,8.200004577636719
HONEYBEE__BEE,95,0.0,0.0,-9.180002212524414,-10.360000610351562,0.0,-9.180002212524414,-10.360000610351562,-1.1799983978271484,0.0,0.0,-1.9199981689453125,-1.9199981689453125,0.0,0.0,7.260004043579102,8.44000244140625
HONEYBEE__BEE,96,0.0,0.0,-8.560001373291016,-9.80000114440918,0.0,-8.560001373291016,-9.80000114440918,-1.239999771118164,0.0,0.0,-1.599996566772461,-1.599996566772461,0.0,0.0,6.960004806518555,8.200004577636719
HONEYBEE__BEE,97,0.0,0.0,-8.639999389648438,-9.939998626708984,0.0,-8.639999389648438,-9.939998626708984,-1.2999992370605469,0.0,0.0,-1.6799964904785156,-1.6799964904785156,0.0,0.0,6.960002899169922,8.260002136230469
HONEYBEE__BEE,98,0.0,0.0,-8.340002059936523,-9.65999984741211,0.0,-8.340002059936523,-9.65999984741211,-1.319997787475586,0.0,0.0,-1.5199966430664062,-1.5199966430664062,0.0,0.0,6.820005416870117,8.140003204345703
HONEYBEE__BEE,99,0.0,0.0,-8.360000610351562,-9.519998550415039,0.0,-8.360000610351562,-9.519998550415039,-1.1599979400634766,0.0,0.0,-1.4399967193603516,-1.4399967193603516,0.0,0.0,6.920003890991211,8.080001831054688
HONEYBEE__DROSOPHILA,0,0.0,0.0,15.180000305175781,15.360000610351562,0.0,15.180000305175781,15.360000610351562,0.18000030517578125,0.0,0.0,7.680000305175781,7.680000305175781,0.0,0.0,-7.5,-7.680000305175781
HONEYBEE__DROSOPHILA,1,0.0,0.0,13.799999237060547,14.400001525878906,0.0,13.799999237060547,14.400001525878906,0.6000022888183594,0.0,0.0,7.200000762939453,7.200000762939453,0.0,0.0,-6.599998474121094,-7.200000762939453
HONEYBEE__DROSOPHILA,2,0.0,0.0,14.699995040893555,14.759998321533203,0.0,14.699995040893555,14.759998321533203,0.06000328063964844,0.0,0.0,7.379997253417969,7.379997253417969,0.0,0.0,-7.319997787475586,-7.380001068115234
HONEYBEE__DROSOPHILA,3,0.0,0.0,14.579998016357422,14.639999389648438,0.0,14.579998016357422,14.639999389648438,0.060001373291015625,0.0,0.0,7.319999694824219,7.319999694824219,0.0,0.0,-7.259998321533203,-7.319999694824219
HONEYBEE__DROSOPHILA,4,0.0,0.0,14.399999618530273,14.400001525878906,0.0,14.399999618530273,14.400001525878906,1.9073486328125e-06,0.0,0.0,7.200000762939453,7.200000762939453,0.0,0.0,-7.19999885559082,-7.200000762939453
HONEYBEE__DROSOPHILA,5,0.0,0.0,14.220003128051758,14.28000259399414,0.0,14.220003128051758,14.28000259399414,0.05999946594238281,0.0,0.0,7.140003204345703,7.140003204345703,0.0,0.0,-7.079999923706055,-7.1399993896484375
HONEYBEE__DROSOPHILA,6,0.0,0.0,13.920000076293945,14.760002136230469,0.0,13.920000076293945,14.760002136230469,0.8400020599365234,0.0,0.0,7.380001068115234,7.380001068115234,0.0,0.0,-6.539999008178711,-7.380001068115234
HONEYBEE__DROSOPHILA,7,0.0,0.0,13.80000114440918,13.799995422363281,0.0,13.80000114440918,13.799995422363281,-5.7220458984375e-06,0.0,0.0,6.899997711181641,6.899997711181641,0.0,0.0,-6.900003433227539,-6.899997711181641
HONEYBEE__DROSOPHILA,8,0.0,0.0,13.560001373291016,13.919998168945312,0.0,13.560001373291016,13.919998168945312,0.3599967956542969,0.0,0.0,6.959999084472656,6.959999084472656,0.0,0.0,-6.600002288818359,-6.959999084472656
HONEYBEE__DROSOPHILA,9,0.0,0.0,12.839998245239258,12.959999084472656,0.0,12.839998245239258,12.959999084472656,0.12000083923339844,0.0,0.0,6.479999542236328,6.479999542236328,0.0,0.0,-6.35999870300293,-6.479999542236328
HONEYBEE__DROSOPHILA,10,0.0,0.0,14.160005569458008,14.640003204345703,0.0,14.160005569458008,14.640003204345703,0.4799976348876953,0.0,0.0,7.320003509521484,7.320003509521484,0.0,0.0,-6.840002059936523,-7.319999694824219
HONEYBEE__DROSOPHILA,11,0.0,0.0,14.940000534057617,15.71999740600586,0.0,14.940000534057617,15.71999740600586,0.7799968719482422,0.0,0.0,7.859996795654297,7.859996795654297,0.0,0.0,-7.08000373840332,-7.8600006103515625
HONEYBEE__DROSOPHILA,12,0.0,0.0,13.980001449584961,14.040000915527344,0.0,13.980001449584961,14.040000915527344,0.05999946594238281,0.0,0.0,7.020000457763672,7.020000457763672,0.0,0.0,-6.960000991821289,-7.020000457763672
HONEYBEE__DROSOPHILA,13,0.0,0.0,13.080001831054688,13.680000305175781,0.0,13.080001831054688,13.680000305175781,0.5999984741210938,0.0,0.0,6.840000152587891,6.840000152587891,0.0,0.0,-6.240001678466797,-6.840000152587891
HONEYBEE__DROSOPHILA,14,0.0,0.0,14.039999008178711,14.400001525878906,0.0,14.039999008178711,14.400001525878906,0.3600025177001953,0.0,0.0,7.200000762939453,7.200000762939453,0.0,0.0,-6.839998245239258,-7.200000762939453
HONEYBEE__DROSOPHILA,15,0.0,0.0,13.740001678466797,13.920001983642578,0.0,13.740001678466797,13.920001983642578,0.18000030517578125,0.0,0.0,6.959999084472656,6.959999084472656,0.0,0.0,-6.780002593994141,-6.960002899169922
HONEYBEE__DROSOPHILA,16,0.0,0.0,13.200000762939453,13.680000305175781,0.0,13.200000762939453,13.680000305175781,0.4799995422363281,0.0,0.0,6.840000152587891,6.840000152587891,0.0,0.0,-6.3600006103515625,-6.840000152587891
HONEYBEE__DROSOPHILA,17,0.0,0.0,14.039999008178711,14.159996032714844,0.0,14.039999008178711,14.159996032714844,0.11999702453613281,0.0,0.0,7.079998016357422,7.079998016357422,0.0,0.0,-6.960000991821289,-7.079998016357422
HONEYBEE__DROSOPHILA,18,0.0,0.0,13.5,14.159996032714844,0.0,13.5,14.159996032714844,0.6599960327148438,0.0,0.0,7.079998016357422,7.079998016357422,0.0,0.0,-6.420001983642578,-7.079998016357422
HONEYBEE__DROSOPHILA,19,0.0,0.0,14.160003662109375,14.400001525878906,0.0,14.160003662109375,14.400001525878906,0.23999786376953125,0.0,0.0,7.200000762939453,7.200000762939453,0.0,0.0,-6.960002899169922,-7.200000762939453
HONEYBEE__DROSOPHILA,20,0.0,0.0,14.219999313354492,14.279998779296875,0.0,14.219999313354492,14.279998779296875,0.05999946594238281,0.0,0.0,7.1399993896484375,7.1399993896484375,0.0,0.0,-7.079999923706055,-7.1399993896484375
HONEYBEE__DROSOPHILA,21,0.0,0.0,13.200000762939453,13.680000305175781,0.0,13.200000762939453,13.680000305175781,0.4799995422363281,0.0,0.0,6.840000152587891,6.840000152587891,0.0,0.0,-6.3600006103515625,-6.840000152587891
HONEYBEE__DROSOPHILA,22,0.0,0.0,13.680004119873047,13.680000305175781,0.0,13.680004119873047,13.680000305175781,-3.814697265625e-06,0.0,0.0,6.840000152587891,6.840000152587891,0.0,0.0,-6.840003967285156,-6.840000152587891
HONEYBEE__DROSOPHILA,23,0.0,0.0,14.15999984741211,14.640003204345703,0.0,14.15999984741211,14.640003204345703,0.48000335693359375,0.0,0.0,7.319999694824219,7.319999694824219,0.0,0.0,-6.840000152587891,-7.320003509521484
HONEYBEE__DROSOPHILA,24,0.0,0.0,12.78000259399414,13.44000244140625,0.0,12.78000259399414,13.44000244140625,0.6599998474121094,0.0,0.0,6.720001220703125,6.720001220703125,0.0,0.0,-6.060001373291016,-6.720001220703125
HONEYBEE__DROSOPHILA,25,0.0,0.0,14.220003128051758,14.400001525878906,0.0,14.220003128051758,14.400001525878906,0.17999839782714844,0.0,0.0,7.200000762939453,7.200000762939453,0.0,0.0,-7.020002365112305,-7.200000762939453
HONEYBEE__DROSOPHILA,26,0.0,0.0,13.560001373291016,13.679996490478516,0.0,13.560001373291016,13.679996490478516,0.1199951171875,0.0,0.0,6.840000152587891,6.840000152587891,0.0,0.0,-6.720001220703125,-6.839996337890625
HONEYBEE__DROSOPHILA,27,0.0,0.0,14.040000915527344,14.28000259399414,0.0,14.040000915527344,14.28000259399414,0.24000167846679688,0.0,0.0,7.1399993896484375,7.1399993896484375,0.0,0.0,-6.900001525878906,-7.140003204345703
HONEYBEE__DROSOPHILA,28,0.0,0.0,14.100000381469727,14.640003204345703,0.0,14.100000381469727,14.640003204345703,0.5400028228759766,0.0,0.0,7.319999694824219,7.319999694824219,0.0,0.0,-6.780000686645508,-7.320003509521484
HONEYBEE__DROSOPHILA,29,0.0,0.0,13.920000076293945,14.400001525878906,0.0,13.920000076293945,14.400001525878906,0.48000144958496094,0.0,0.0,7.200000762939453,7.200000762939453,0.0,0.0,-6.719999313354492,-7.200000762939453
HONEYBEE__DROSOPHILA,30,0.0,0.0,14.159997940063477,14.159996032714844,0.0,14.159997940063477,14.159996032714844,-1.9073486328125e-06,0.0,0.0,7.079998016357422,7.079998016357422,0.0,0.0,-7.079999923706055,-7.079998016357422
HONEYBEE__DROSOPHILA,31,0.0,0.0,12.360002517700195,12.599998474121094,0.0,12.360002517700195,12.599998474121094,0.23999595642089844,0.0,0.0,6.299999237060547,6.299999237060547,0.0,0.0,-6.060003280639648,-6.299999237060547
HONEYBEE__DROSOPHILA,32,0.0,0.0,12.239997863769531,12.239997863769531,0.0,12.239997863769531,12.239997863769531,0.0,0.0,0.0,6.119998931884766,6.119998931884766,0.0,0.0,-6.119998931884766,-6.119998931884766
HONEYBEE__DROSOPHILA,33,0.0,0.0,12.000001907348633,12.0,0.0,12.000001907348633,12.0,-1.9073486328125e-06,0.0,0.0,6.0,6.0,0.0,0.0,-6.000001907348633,-6.0
HONEYBEE__DROSOPHILA,34,0.0,0.0,14.580001831054688,14.760002136230469,0.0,14.580001831054688,14.760002136230469,0.18000030517578125,0.0,0.0,7.380001068115234,7.380001068115234,0.0,0.0,-7.200000762939453,-7.380001068115234
HONEYBEE__DROSOPHILA,35,0.0,0.0,14.64000129699707,15.239997863769531,0.0,14.64000129699707,15.239997863769531,0.5999965667724609,0.0,0.0,7.619998931884766,7.619998931884766,0.0,0.0,-7.020002365112305,-7.619998931884766
HONEYBEE__DROSOPHILA,36,0.0,0.0,14.460000991821289,14.640003204345703,0.0,14.460000991821289,14.640003204345703,0.18000221252441406,0.0,0.0,7.319999694824219,7.319999694824219,0.0,0.0,-7.14000129699707,-7.320003509521484
HONEYBEE__DROSOPHILA,37,0.0,0.0,13.920005798339844,13.920005798339844,0.0,13.920005798339844,13.920005798339844,0.0,0.0,0.0,6.960002899169922,6.960002899169922,0.0,0.0,-6.960002899169922,-6.960002899169922
HONEYBEE__DROSOPHILA,38,0.0,0.0,12.60000228881836,12.599998474121094,0.0,12.60000228881836,12.599998474121094,-3.814697265625e-06,0.0,0.0,6.299999237060547,6.299999237060547,0.0,0.0,-6.3000030517578125,-6.299999237060547
HONEYBEE__DROSOPHILA,39,0.0,0.0,13.680000305175781,13.799999237060547,0.0,13.680000305175781,13.799999237060547,0.11999893188476562,0.0,0.0,6.900001525878906,6.900001525878906,0.0,0.0,-6.779998779296875,-6.899997711181641
HONEYBEE__DROSOPHILA,40,0.0,0.0,12.479999542236328,13.079998016357422,0.0,12.479999542236328,13.079998016357422,0.5999984741210938,0.0,0.0,6.540000915527344,6.540000915527344,0.0,0.0,-5.939998626708984,-6.539997100830078
HONEYBEE__DROSOPHILA,41,0.0,0.0,13.680004119873047,13.680000305175781,0.0,13.680004119873047,13.680000305175781,-3.814697265625e-06,0.0,0.0,6.840000152587891,6.840000152587891,0.0,0.0,-6.840003967285156,-6.840000152587891
HONEYBEE__DROSOPHILA,42,0.0,0.0,13.020000457763672,13.680000305175781,0.0,13.020000457763672,13.680000305175781,0.6599998474121094,0.0,0.0,6.840000152587891,6.840000152587891,0.0,0.0,-6.180000305175781,-6.840000152587891
HONEYBEE__DROSOPHILA,43,0.0,0.0,12.900001525878906,13.080001831054688,0.0,12.900001525878906,13.080001831054688,0.18000030517578125,0.0,0.0,6.540000915527344,6.540000915527344,0.0,0.0,-6.3600006103515625,-6.540000915527344
HONEYBEE__DROSOPHILA,44,0.0,0.0,14.579998016357422,15.359996795654297,0.0,14.579998016357422,15.359996795654297,0.779998779296875,0.0,0.0,7.679996490478516,7.679996490478516,0.0,0.0,-6.900001525878906,-7.680000305175781
HONEYBEE__DROSOPHILA,45,0.0,0.0,14.639999389648438,15.239997863769531,0.0,14.639999389648438,15.239997863769531,0.5999984741210938,0.0,0.0,7.619998931884766,7.619998931884766,0.0,0.0,-7.020000457763672,-7.619998931884766
HONEYBEE__DROSOPHILA,46,0.0,0.0,13.560001373291016,13.680000305175781,0.0,13.560001373291016,13.680000305175781,0.11999893188476562,0.0,0.0,6.840000152587891,6.840000152587891,0.0,0.0,-6.720001220703125,-6.840000152587891
HONEYBEE__DROSOPHILA,47,0.0,0.0,14.28000259399414,15.0,0.0,14.28000259399414,15.0,0.7199974060058594,0.0,0.0,7.5,7.5,0.0,0.0,-6.780002593994141,-7.5
HONEYBEE__DROSOPHILA,48,0.0,0.0,16.080001831054688,16.079998016357422,0.0,16.080001831054688,16.079998016357422,-3.814697265625e-06,0.0,0.0,8.040000915527344,8.040000915527344,0.0,0.0,-8.040000915527344,-8.039997100830078
HONEYBEE__DROSOPHILA,49,0.0,0.0,13.200004577636719,13.680000305175781,0.0,13.200004577636719,13.680000305175781,0.4799957275390625,0.0,0.0,6.840000152587891,6.840000152587891,0.0,0.0,-6.360004425048828,-6.840000152587891
HONEYBEE__DROSOPHILA,50,0.0,0.0,14.880001068115234,15.959999084472656,0.0,14.880001068115234,15.959999084472656,1.0799980163574219,0.0,0.0,7.979999542236328,7.979999542236328,0.0,0.0,-6.900001525878906,-7.979999542236328
HONEYBEE__DROSOPHILA,51,0.0,0.0,13.199996948242188,13.799999237060547,0.0,13.199996948242188,13.799999237060547,0.6000022888183594,0.0,0.0,6.899997711181641,6.899997711181641,0.0,0.0,-6.299999237060547,-6.900001525878906
HONEYBEE__DROSOPHILA,52,0.0,0.0,13.799995422363281,14.15999984741211,0.0,13.799995422363281,14.15999984741211,0.3600044250488281,0.0,0.0,7.079998016357422,7.079998016357422,0.0,0.0,-6.719997406005859,-7.0800018310546875
HONEYBEE__DROSOPHILA,53,0.0,0.0,12.360000610351562,12.959999084472656,0.0,12.360000610351562,12.959999084472656,0.5999984741210938,0.0,0.0,6.479999542236328,6.479999542236328,0.0,0.0,-5.880001068115234,-6.479999542236328
HONEYBEE__DROSOPHILA,54,0.0,0.0,14.099998474121094,14.640003204345703,0.0,14.099998474121094,14.640003204345703,0.5400047302246094,0.0,0.0,7.319999694824219,7.319999694824219,0.0,0.0,-6.779998779296875,-7.320003509521484
HONEYBEE__DROSOPHILA,55,0.0,0.0,13.800003051757812,14.639999389648438,0.0,13.800003051757812,14.639999389648438,0.839996337890625,0.0,0.0,7.319999694824219,7.319999694824219,0.0,0.0,-6.480003356933594,-7.319999694824219
HONEYBEE__DROSOPHILA,56,0.0,0.0,13.799999237060547,13.799995422363281,0.0,13.799999237060547,13.799995422363281,-3.814697265625e-06,0.0,0.0,6.899997711181641,6.899997711181641,0.0,0.0,-6.900001525878906,-6.899997711181641
HONEYBEE__DROSOPHILA,57,0.0,0.0,14.10000228881836,14.640007019042969,0.0,14.10000228881836,14.640007019042969,0.5400047302246094,0.0,0.0,7.320003509521484,7.320003509521484,0.0,0.0,-6.779998779296875,-7.320003509521484
HONEYBEE__DROSOPHILA,58,0.0,0.0,14.880001068115234,15.599998474121094,0.0,14.880001068115234,15.599998474121094,0.7199974060058594,0.0,0.0,7.799999237060547,7.799999237060547,0.0,0.0,-7.0800018310546875,-7.799999237060547
HONEYBEE__DROSOPHILA,59,0.0,0.0,14.220001220703125,14.879997253417969,0.0,14.220001220703125,14.879997253417969,0.6599960327148438,0.0,0.0,7.439998626708984,7.439998626708984,0.0,0.0,-6.780002593994141,-7.439998626708984
HONEYBEE__DROSOPHILA,60,0.0,0.0,13.560001373291016,14.159996032714844,0.0,13.560001373291016,14.159996032714844,0.5999946594238281,0.0,0.0,7.079998016357422,7.079998016357422,0.0,0.0,-6.480003356933594,-7.079998016357422
HONEYBEE__DROSOPHILA,61,0.0,0.0,12.900001525878906,13.200004577636719,0.0,12.900001525878906,13.200004577636719,0.3000030517578125,0.0,0.0,6.600002288818359,6.600002288818359,0.0,0.0,-6.299999237060547,-6.600002288818359
HONEYBEE__DROSOPHILA,62,0.0,0.0,14.520002365112305,14.519996643066406,0.0,14.520002365112305,14.519996643066406,-5.7220458984375e-06,0.0,0.0,7.259998321533203,7.259998321533203,0.0,0.0,-7.260004043579102,-7.259998321533203
HONEYBEE__DROSOPHILA,63,0.0,0.0,12.239999771118164,13.319999694824219,0.0,12.239999771118164,13.319999694824219,1.0799999237060547,0.0,0.0,6.659999847412109,6.659999847412109,0.0,0.0,-5.579999923706055,-6.659999847412109
HONEYBEE__DROSOPHILA,64,0.0,0.0,14.040000915527344,14.520000457763672,0.0,14.040000915527344,14.520000457763672,0.4799995422363281,0.0,0.0,7.259998321533203,7.259998321533203,0.0,0.0,-6.780002593994141,-7.260002136230469
HONEYBEE__DROSOPHILA,65,0.0,0.0,13.439998626708984,13.439998626708984,0.0,13.439998626708984,13.439998626708984,0.0,0.0,0.0,6.719997406005859,6.719997406005859,0.0,0.0,-6.720001220703125,-6.720001220703125
HONEYBEE__DROSOPHILA,66,0.0,0.0,13.5,14.159996032714844,0.0,13.5,14.159996032714844,0.6599960327148438,0.0,0.0,7.079998016357422,7.079998016357422,0.0,0.0,-6.420001983642578,-7.079998016357422
HONEYBEE__DROSOPHILA,67,0.0,0.0,12.839996337890625,13.439998626708984,0.0,12.839996337890625,13.439998626708984,0.6000022888183594,0.0,0.0,6.719997406005859,6.719997406005859,0.0,0.0,-6.119998931884766,-6.720001220703125
HONEYBEE__DROSOPHILA,68,0.0,0.0,12.180004119873047,12.71999740600586,0.0,12.180004119873047,12.71999740600586,0.5399932861328125,0.0,0.0,6.3600006103515625,6.3600006103515625,0.0,0.0,-5.820003509521484,-6.359996795654297
HONEYBEE__DROSOPHILA,69,0.0,0.0,13.620006561279297,13.920001983642578,0.0,13.620006561279297,13.920001983642578,0.29999542236328125,0.0,0.0,6.960002899169922,6.960002899169922,0.0,0.0,-6.660003662109375,-6.959999084472656
HONEYBEE__DROSOPHILA,70,0.0,0.0,14.160003662109375,14.160003662109375,0.0,14.160003662109375,14.160003662109375,0.0,0.0,0.0,7.0800018310546875,7.0800018310546875,0.0,0.0,-7.0800018310546875,-7.0800018310546875
HONEYBEE__DROSOPHILA,71,0.0,0.0,13.860000610351562,14.160003662109375,0.0,13.860000610351562,14.160003662109375,0.3000030517578125,0.0,0.0,7.0800018310546875,7.0800018310546875,0.0,0.0,-6.779998779296875,-7.0800018310546875
HONEYBEE__DROSOPHILA,72,0.0,0.0,13.08000373840332,13.44000244140625,0.0,13.08000373840332,13.44000244140625,0.3599987030029297,0.0,0.0,6.720001220703125,6.720001220703125,0.0,0.0,-6.360002517700195,-6.720001220703125
HONEYBEE__DROSOPHILA,73,0.0,0.0,14.399999618530273,14.639995574951172,0.0,14.399999618530273,14.639995574951172,0.23999595642089844,0.0,0.0,7.319995880126953,7.319995880126953,0.0,0.0,-7.08000373840332,-7.319999694824219
HONEYBEE__DROSOPHILA,74,0.0,0.0,14.39999771118164,14.400001525878906,0.0,14.39999771118164,14.400001525878906,3.814697265625e-06,0.0,0.0,7.200000762939453,7.200000762939453,0.0,0.0,-7.1999969482421875,-7.200000762939453
HONEYBEE__DROSOPHILA,75,0.0,0.0,13.499998092651367,13.799999237060547,0.0,13.499998092651367,13.799999237060547,0.3000011444091797,0.0,0.0,6.899997711181641,6.899997711181641,0.0,0.0,-6.600000381469727,-6.900001525878906
HONEYBEE__DROSOPHILA,76,0.0,0.0,13.439998626708984,14.400001525878906,0.0,13.439998626708984,14.400001525878906,0.9600028991699219,0.0,0.0,7.200000762939453,7.200000762939453,0.0,0.0,-6.239997863769531,-7.200000762939453
HONEYBEE__DROSOPHILA,77,0.0,0.0,13.439998626708984,13.55999755859375,0.0,13.439998626708984,13.55999755859375,0.11999893188476562,0.0,0.0,6.779998779296875,6.779998779296875,0.0,0.0,-6.659999847412109,-6.779998779296875
HONEYBEE__DROSOPHILA,78,0.0,0.0,14.400003433227539,14.760002136230469,0.0,14.400003433227539,14.760002136230469,0.3599987030029297,0.0,0.0,7.380001068115234,7.380001068115234,0.0,0.0,-7.020002365112305,-7.380001068115234
HONEYBEE__DROSOPHILA,79,0.0,0.0,14.21999740600586,14.879997253417969,0.0,14.21999740600586,14.879997253417969,0.6599998474121094,0.0,0.0,7.439998626708984,7.439998626708984,0.0,0.0,-6.779998779296875,-7.439998626708984
HONEYBEE__DROSOPHILA,80,0.0,0.0,14.460002899169922,14.760002136230469,0.0,14.460002899169922,14.760002136230469,0.2999992370605469,0.0,0.0,7.380001068115234,7.380001068115234,0.0,0.0,-7.0800018310546875,-7.380001068115234
HONEYBEE__DROSOPHILA,81,0.0,0.0,13.980003356933594,14.639999389648438,0.0,13.980003356933594,14.639999389648438,0.6599960327148438,0.0,0.0,7.319999694824219,7.319999694824219,0.0,0.0,-6.660003662109375,-7.319999694824219
HONEYBEE__DROSOPHILA,82,0.0,0.0,12.359996795654297,12.359996795654297,0.0,12.359996795654297,12.359996795654297,0.0,0.0,0.0,6.179996490478516,6.179996490478516,0.0,0.0,-6.180000305175781,-6.180000305175781
HONEYBEE__DROSOPHILA,83,0.0,0.0,12.599998474121094,12.599998474121094,0.0,12.599998474121094,12.599998474121094,0.0,0.0,0.0,6.299999237060547,6.299999237060547,0.0,0.0,-6.299999237060547,-6.299999237060547
HONEYBEE__DROSOPHILA,84,0.0,0.0,14.099998474121094,15.120002746582031,0.0,14.099998474121094,15.120002746582031,1.0200042724609375,0.0,0.0,7.560001373291016,7.560001373291016,0.0,0.0,-6.539997100830078,-7.560001373291016
HONEYBEE__DROSOPHILA,85,0.0,0.0,13.319999694824219,13.560001373291016,0.0,13.319999694824219,13.560001373291016,0.24000167846679688,0.0,0.0,6.779998779296875,6.779998779296875,0.0,0.0,-6.540000915527344,-6.780002593994141
HONEYBEE__DROSOPHILA,86,0.0,0.0,14.700000762939453,15.360000610351562,0.0,14.700000762939453,15.360000610351562,0.6599998474121094,0.0,0.0,7.680000305175781,7.680000305175781,0.0,0.0,-7.020000457763672,-7.680000305175781
HONEYBEE__DROSOPHILA,87,0.0,0.0,12.660005569458008,13.560005187988281,0.0,12.660005569458008,13.560005187988281,0.8999996185302734,0.0,0.0,6.780002593994141,6.780002593994141,0.0,0.0,-5.880002975463867,-6.780002593994141
HONEYBEE__DROSOPHILA,88,0.0,0.0,14.39999771118164,14.759998321533203,0.0,14.39999771118164,14.759998321533203,0.3600006103515625,0.0,0.0,7.380001068115234,7.380001068115234,0.0,0.0,-7.019996643066406,-7.379997253417969
HONEYBEE__DROSOPHILA,89,0.0,0.0,14.280000686645508,14.519996643066406,0.0,14.280000686645508,14.519996643066406,0.23999595642089844,0.0,0.0,7.259998321533203,7.259998321533203,0.0,0.0,-7.020002365112305,-7.259998321533203
HONEYBEE__DROSOPHILA,90,0.0,0.0,15.840003967285156,15.840003967285156,0.0,15.840003967285156,15.840003967285156,0.0,0.0,0.0,7.920001983642578,7.920001983642578,0.0,0.0,-7.920001983642578,-7.920001983642578
HONEYBEE__DROSOPHILA,91,0.0,0.0,14.10000228881836,14.28000259399414,0.0,14.10000228881836,14.28000259399414,0.18000030517578125,0.0,0.0,7.140003204345703,7.140003204345703,0.0,0.0,-6.959999084472656,-7.1399993896484375
HONEYBEE__DROSOPHILA,92,0.0,0.0,15.65999984741211,15.959999084472656,0.0,15.65999984741211,15.959999084472656,0.2999992370605469,0.0,0.0,7.979999542236328,7.979999542236328,0.0,0.0,-7.680000305175781,-7.979999542236328
HONEYBEE__DROSOPHILA,93,0.0,0.0,11.999998092651367,11.999996185302734,0.0,11.999998092651367,11.999996185302734,-1.9073486328125e-06,0.0,0.0,5.999996185302734,5.999996185302734,0.0,0.0,-6.000001907348633,-6.0
HONEYBEE__DROSOPHILA,94,0.0,0.0,13.079999923706055,13.680000305175781,0.0,13.079999923706055,13.680000305175781,0.6000003814697266,0.0,0.0,6.840000152587891,6.840000152587891,0.0,0.0,-6.239999771118164,-6.840000152587891
HONEYBEE__DROSOPHILA,95,0.0,0.0,14.15999984741211,14.879997253417969,0.0,14.15999984741211,14.879997253417969,0.7199974060058594,0.0,0.0,7.439998626708984,7.439998626708984,0.0,0.0,-6.720001220703125,-7.439998626708984
HONEYBEE__DROSOPHILA,96,0.0,0.0,14.040002822875977,14.639999389648438,0.0,14.040002822875977,14.639999389648438,0.5999965667724609,0.0,0.0,7.319999694824219,7.319999694824219,0.0,0.0,-6.720003128051758,-7.319999694824219
HONEYBEE__DROSOPHILA,97,0.0,0.0,13.680000305175781,14.519996643066406,0.0,13.680000305175781,14.519996643066406,0.839996337890625,0.0,0.0,7.259998321533203,7.259998321533203,0.0,0.0,-6.420001983642578,-7.259998321533203
HONEYBEE__DROSOPHILA,98,0.0,0.0,13.860006332397461,14.28000259399414,0.0,13.860006332397461,14.28000259399414,0.4199962615966797,0.0,0.0,7.140003204345703,7.140003204345703,0.0,0.0,-6.720003128051758,-7.1399993896484375
HONEYBEE__DROSOPHILA,99,0.0,0.0,13.200004577636719,13.200004577636719,0.0,13.200004577636719,13.200004577636719,0.0,0.0,0.0,6.600002288818359,6.600002288818359,0.0,0.0,-6.600002288818359,-6.600002288818359
