condition,predictor,outcome,pearson_r,pearson_p,spearman_rho,spearman_p
DROSOPHILA_TRANSFER__BEE,CSplus_CSminus_overlap,selective_KCEN_discrimination,0.999999999999794,0.0,0.999639306013058,8.949741354937998e-156
DROSOPHILA_TRANSFER__BEE,CSplus_CSminus_overlap,csplus_KCEN_drive,0.9999999999998479,0.0,0.9996332977528904,2.010517601335737e-155
DROSOPHILA_TRANSFER__BEE,CSplus_CSminus_overlap,csminus_KCEN_drive,-0.9999999999997395,0.0,-0.9997685098164414,3.276578742132147e-165
DROSOPHILA_TRANSFER__BEE,CSplus_representation_turnover,selective_KCEN_discrimination,,,,
DROSOPHILA_TRANSFER__BEE,CSplus_representation_turnover,csplus_KCEN_drive,,,,
DROSOPHILA_TRANSFER__BEE,CSplus_representation_turnover,csminus_KCEN_drive,,,,
DROSOPHILA_TRANSFER__BEE,CSminus_representation_turnover,selective_KCEN_discrimination,0.697369019336726,7.604579573231884e-16,0.6901588204584062,1.976438473820393e-15
DROSOPHILA_TRANSFER__BEE,CSminus_representation_turnover,csplus_KCEN_drive,0.6973690681158473,7.60452970989755e-16,0.6932465421415911,1.3174349852416866e-15
DROSOPHILA_TRANSFER__BEE,CSminus_representation_turnover,csminus_KCEN_drive,-0.6973690182886172,7.604580644640605e-16,-0.6891410568515748,2.2566672367739625e-15
DROSOPHILA_TRANSFER__BEE,CSplus_KCEN_heterogeneity,selective_KCEN_discrimination,0.7663507461547852,1.5283268440989764e-20,0.8230197889309021,8.219630139272509e-26
DROSOPHILA_TRANSFER__BEE,CSplus_KCEN_heterogeneity,csplus_KCEN_drive,0.7663507461547852,1.5283268440989764e-20,0.8229156251322947,8.437443267299333e-26
DROSOPHILA_TRANSFER__BEE,CSplus_KCEN_heterogeneity,csminus_KCEN_drive,-0.7663507461547852,1.5283268440989764e-20,-0.8232524579730086,7.752716600180983e-26
DROSOPHILA_TRANSFER__BEE,CSminus_KCEN_heterogeneity,selective_KCEN_discrimination,,,,
DROSOPHILA_TRANSFER__BEE,CSminus_KCEN_heterogeneity,csplus_KCEN_drive,,,,
DROSOPHILA_TRANSFER__BEE,CSminus_KCEN_heterogeneity,csminus_KCEN_drive,,,,
DROSOPHILA_TRANSFER__DROSOPHILA,CSplus_CSminus_overlap,selective_KCEN_discrimination,-0.9999999999998788,0.0,-0.9998918704604959,2.0790154931873677e-181
DROSOPHILA_TRANSFER__DROSOPHILA,CSplus_CSminus_overlap,csplus_KCEN_drive,-0.9999999999998825,0.0,-0.9998498295556999,2.02672006758483e-174
DROSOPHILA_TRANSFER__DROSOPHILA,CSplus_CSminus_overlap,csminus_KCEN_drive,0.9999999999998999,0.0,0.9998978767369555,1.2640237260040585e-182
DROSOPHILA_TRANSFER__DROSOPHILA,CSplus_representation_turnover,selective_KCEN_discrimination,,,,
DROSOPHILA_TRANSFER__DROSOPHILA,CSplus_representation_turnover,csplus_KCEN_drive,,,,
DROSOPHILA_TRANSFER__DROSOPHILA,CSplus_representation_turnover,csminus_KCEN_drive,,,,
DROSOPHILA_TRANSFER__DROSOPHILA,CSminus_representation_turnover,selective_KCEN_discrimination,-0.8702384646668152,6.781174709553823e-32,-0.8279966950834239,2.3084384551568317e-26
DROSOPHILA_TRANSFER__DROSOPHILA,CSminus_representation_turnover,csplus_KCEN_drive,-0.8702384774120892,6.781144240741255e-32,-0.8283614393941092,2.0999247430763534e-26
DROSOPHILA_TRANSFER__DROSOPHILA,CSminus_representation_turnover,csminus_KCEN_drive,0.8702384225694801,6.781275348265121e-32,0.8263342609921649,3.544009109400811e-26
DROSOPHILA_TRANSFER__DROSOPHILA,CSplus_KCEN_heterogeneity,selective_KCEN_discrimination,,,,
DROSOPHILA_TRANSFER__DROSOPHILA,CSplus_KCEN_heterogeneity,csplus_KCEN_drive,,,,
DROSOPHILA_TRANSFER__DROSOPHILA,CSplus_KCEN_heterogeneity,csminus_KCEN_drive,,,,
DROSOPHILA_TRANSFER__DROSOPHILA,CSminus_KCEN_heterogeneity,selective_KCEN_discrimination,-0.97967928647995,3.4359544125946124e-70,-0.9997207107948861,3.2321333085734602e-161
DROSOPHILA_TRANSFER__DROSOPHILA,CSminus_KCEN_heterogeneity,csplus_KCEN_drive,-0.97967928647995,3.4359544125946124e-70,-0.9996966952669429,1.8393770351911132e-159
DROSOPHILA_TRANSFER__DROSOPHILA,CSminus_KCEN_heterogeneity,csminus_KCEN_drive,0.97967928647995,3.4359544125946124e-70,0.999768760484383,3.107186220618693e-165
HONEYBEE__BEE,CSplus_CSminus_overlap,selective_KCEN_discrimination,0.999999999999849,0.0,0.9992455630676746,4.4823456740744775e-140
HONEYBEE__BEE,CSplus_CSminus_overlap,csplus_KCEN_drive,0.9999999999997026,0.0,0.999326635687703,1.710268702134341e-142
HONEYBEE__BEE,CSplus_CSminus_overlap,csminus_KCEN_drive,-0.9999999999996315,0.0,-0.9999187633982638,1.7088138862179757e-187
HONEYBEE__BEE,CSplus_representation_turnover,selective_KCEN_discrimination,,,,
HONEYBEE__BEE,CSplus_representation_turnover,csplus_KCEN_drive,,,,
HONEYBEE__BEE,CSplus_representation_turnover,csminus_KCEN_drive,,,,
HONEYBEE__BEE,CSminus_representation_turnover,selective_KCEN_discrimination,0.5778247251200681,3.084404860166611e-10,0.5681473272370532,7.038400353520761e-10
HONEYBEE__BEE,CSminus_representation_turnover,csplus_KCEN_drive,0.5778247119005946,3.0844083930892393e-10,0.5698902773735988,6.078504289157423e-10
HONEYBEE__BEE,CSminus_representation_turnover,csminus_KCEN_drive,-0.5778247427458142,3.0844001496675487e-10,-0.5678798488764172,7.198024101719005e-10
HONEYBEE__BEE,CSplus_KCEN_heterogeneity,selective_KCEN_discrimination,-0.9816218018531799,2.6184285695834106e-72,-0.9991523757510639,1.3458426263188126e-137
HONEYBEE__BEE,CSplus_KCEN_heterogeneity,csplus_KCEN_drive,-0.9816218018531799,2.6184285695834106e-72,-0.9992424607638168,5.48025814269419e-140
HONEYBEE__BEE,CSplus_KCEN_heterogeneity,csminus_KCEN_drive,0.9816218018531799,2.6184285695834106e-72,0.9997593277823908,2.2034461751561778e-164
HONEYBEE__BEE,CSminus_KCEN_heterogeneity,selective_KCEN_discrimination,,,,
HONEYBEE__BEE,CSminus_KCEN_heterogeneity,csplus_KCEN_drive,,,,
HONEYBEE__BEE,CSminus_KCEN_heterogeneity,csminus_KCEN_drive,,,,
HONEYBEE__DROSOPHILA,CSplus_CSminus_overlap,selective_KCEN_discrimination,-0.9999999999997461,0.0,-0.9992236561010996,1.8214215951592387e-139
HONEYBEE__DROSOPHILA,CSplus_CSminus_overlap,csplus_KCEN_drive,-0.9999999999997315,0.0,-0.9991124681410134,1.28125282855779e-136
HONEYBEE__DROSOPHILA,CSplus_CSminus_overlap,csminus_KCEN_drive,0.9999999999996765,0.0,0.9987461111750661,2.867937303579642e-129
HONEYBEE__DROSOPHILA,CSplus_representation_turnover,selective_KCEN_discrimination,,,,
HONEYBEE__DROSOPHILA,CSplus_representation_turnover,csplus_KCEN_drive,,,,
HONEYBEE__DROSOPHILA,CSplus_representation_turnover,csminus_KCEN_drive,,,,
HONEYBEE__DROSOPHILA,CSminus_representation_turnover,selective_KCEN_discrimination,-0.21312512433266972,0.03325584469432024,-0.16400260001890768,0.10300285998785616
HONEYBEE__DROSOPHILA,CSminus_representation_turnover,csplus_KCEN_drive,-0.21312510025932527,0.033255865061130506,-0.16166277927794412,0.10807812541557557
HONEYBEE__DROSOPHILA,CSminus_representation_turnover,csminus_KCEN_drive,0.2131252304431641,0.03325575492161344,0.16464153406995882,0.10164991091931928
HONEYBEE__DROSOPHILA,CSplus_KCEN_heterogeneity,selective_KCEN_discrimination,,,,
HONEYBEE__DROSOPHILA,CSplus_KCEN_heterogeneity,csplus_KCEN_drive,,,,
HONEYBEE__DROSOPHILA,CSplus_KCEN_heterogeneity,csminus_KCEN_drive,,,,
HONEYBEE__DROSOPHILA,CSminus_KCEN_heterogeneity,selective_KCEN_discrimination,-0.9557631611824036,6.956703456153658e-54,-0.9989860941642867,8.693872678624458e-134
HONEYBEE__DROSOPHILA,CSminus_KCEN_heterogeneity,csplus_KCEN_drive,-0.9557631015777588,6.956703456153658e-54,-0.9985831181633097,1.1390928674412105e-126
HONEYBEE__DROSOPHILA,CSminus_KCEN_heterogeneity,csminus_KCEN_drive,0.9557631611824036,6.956703456153658e-54,0.9987642827227635,1.4031355962943021e-129
