metric,rule_effect_HB_mean,rule_effect_HB_sd,rule_effect_DROSOPHILA_TRANSFER_mean,rule_effect_DROSOPHILA_TRANSFER_sd,architecture_effect_BEE_rule_mean,architecture_effect_BEE_rule_sd,architecture_effect_DROSOPHILA_rule_mean,architecture_effect_DROSOPHILA_rule_sd,interaction_mean,interaction_sd,interaction_paired_t,interaction_p_value
CSplus_behavior,8.637796859741211,0.8496793352788102,12.982197551727294,0.9433830309253456,-2.9512000846862794,0.7552663599992018,1.3932006072998047,0.8488957140413709,4.344400691986084,1.3683305745753371,31.749642759640697,1.049080868984476e-53
CSminus_behavior,-15.24700345993042,0.7300001633746139,-18.85360382080078,0.8420893661854152,2.2134003257751464,0.566450105217128,-1.393200035095215,0.8488960307805025,-3.6066003608703614,1.2155031514502022,-29.671666063287205,4.538685839427663e-51
discrimination,23.88480031967163,1.5784591520070765,31.835801372528078,1.7819647181751133,-5.164600410461426,1.321716465213765,2.7864006423950194,1.6977917448193598,7.951001052856445,2.5814533246364615,30.800483498868466,1.6105205592824744e-52
response_range,4.4135996437072755,0.872192042422225,2.035399875640869,1.604702743400772,5.164600410461426,1.321716465213765,2.7864006423950194,1.6977917448193598,-2.378199768066406,1.6108883198754762,-14.76328146851449,9.268406240291888e-27
peak_stimulus,-16.37,0.5800557270337451,-17.27,0.8744984132332513,0.0,0.0,-0.9,1.1146408580454257,-0.9,1.1146408580454257,-8.074349630231497,1.6630401821263626e-12
peak_behavior,-1.0978034782409667,0.4025064486563979,-1.9180031967163087,0.7618877803338164,2.2134003257751464,0.566450105217128,1.3932006072998047,0.8488957140413709,-0.8201997184753418,0.7781591339007041,-10.540256905601034,7.274279547789301e-18
distance_peak_to_CSplus,-11.63,0.5800557270337453,-10.73,0.8744984132332513,0.0,0.0,0.9,1.1146408580454257,0.9,1.1146408580454257,8.074349630231497,1.6630401821263626e-12
distance_peak_to_CSminus,16.37,0.5800557270337451,17.27,0.8744984132332513,0.0,0.0,0.9,1.1146408580454257,0.9,1.1146408580454257,8.074349630231497,1.6630401821263626e-12
peak_advantage,28.0,0.0,28.0,0.0,0.0,0.0,0.0,0.0,0.0,0.0,,
both_correct,1.0,0.0,1.0,0.0,0.0,0.0,0.0,0.0,0.0,0.0,,
PNKC_mean_delta,-0.0007609358732588539,1.2236163791411897e-05,-0.000840533358277756,2.0481437147930734e-05,0.00014976106816902597,2.035651772449013e-05,7.016358315012397e-05,1.7808908708677203e-05,-7.9597485018902e-05,2.0266125237745967e-05,-39.27612411604487,3.501736079100761e-62
PNKC_mean_abs_delta,-0.000848160317400468,1.4723937663222198e-05,-0.000879649698035792,2.296088071913602e-05,2.4077782873065037e-05,2.4273389712548283e-05,-7.411597762258993e-06,2.0152731720709793e-05,-3.148938063532403e-05,2.3001807925777233e-05,-13.689958953198241,1.4306462652773205e-24
PNKC_positive_fraction,0.004353299999999999,0.0006037593590466014,0.0031229999999999995,0.001142831412048004,0.003320099999999999,0.0008496743226351218,0.002089800000000001,0.0012733436299758201,-0.0012302999999999984,0.0011672383491114237,-10.540263699668373,7.27403195876932e-18
PNKC_negative_fraction,0.0006876250000000001,0.00010088958798927897,0.00024925,7.92009495147653e-05,-0.0011070250000000002,0.00012805198153385784,-0.0015454000000000002,0.00015356690050037777,-0.000438375,0.00011596998425228295,-37.80072945826673,1.2262704991895091e-60
PNKC_changed_fraction,0.005040924999999999,0.0007009248629561524,0.0033722500000000007,0.0012209627607471546,0.0022130750000000005,0.0009551385387243916,0.0005444000000000005,0.0013999652827585737,-0.0016686749999999995,0.0012671950380743302,-13.168257054855351,1.7363438803000536e-23
KCEN_EPLUS_mean_delta,-4.656614000647652e-12,3.276051213201463e-11,-4.656614000647652e-12,4.6566140006476574e-11,-2.328307000323826e-12,2.3283070003238287e-11,-2.328307000323826e-12,5.2272457649104996e-11,0.0,5.73189560254955e-11,0.0,1.0
KCEN_EMINUS_mean_delta,0.0010000023199245188,2.2595590010809883e-10,0.001000002331566051,2.2613758172485235e-10,-1.396983900954496e-11,3.2730405108627146e-10,-2.328307000323826e-12,2.3283070003238287e-11,1.1641532009221134e-11,3.3155099224298944e-10,0.3511234254032699,0.726241881110925
KCEN_EPLUS_mean_abs_delta,4.656614000647652e-12,3.276051213201463e-11,4.656614000647652e-12,4.6566140006476574e-11,2.328307000323826e-12,2.3283070003238287e-11,2.328307000323826e-12,5.2272457649104996e-11,0.0,5.73189560254955e-11,0.0,1.0
KCEN_EMINUS_mean_abs_delta,-0.0010000023199245188,2.2595590010809883e-10,-0.001000002331566051,2.2613758172485235e-10,1.396983900954496e-11,3.2730405108627146e-10,2.328307000323826e-12,2.3283070003238287e-11,-1.1641532009221134e-11,3.3155099224298944e-10,-0.3511234254032699,0.726241881110925
