condition,predictor,outcome,n,pearson_r,pearson_p,spearman_rho,spearman_p
HONEYBEE__BEE,CSplus_behavior,discrimination,100,0.9999999999987609,0.0,0.9994923819423461,1.66655354362e-148
HONEYBEE__BEE,CSminus_behavior,discrimination,100,-0.9999999999977974,0.0,-0.9996485995683707,2.491216409213714e-156
HONEYBEE__BEE,response_range,discrimination,100,-1.0,0.0,-1.0,0.0
HONEYBEE__BEE,peak_behavior,discrimination,100,-0.9999999999977974,0.0,-0.9996485995683707,2.491216409213714e-156
HONEYBEE__BEE,PNKC_mean_delta,discrimination,100,-0.9773802109541644,6.2131301834362015e-68,-0.9688435152029391,3.302973700465056e-61
HONEYBEE__BEE,PNKC_mean_abs_delta,discrimination,100,-0.9851997212994178,7.033870327977868e-77,-0.978556683515319,4.66469346768108e-69
HONEYBEE__BEE,PNKC_positive_fraction,discrimination,100,-0.9999999999981548,0.0,-0.9989634640939082,2.5629001297749404e-133
HONEYBEE__BEE,PNKC_negative_fraction,discrimination,100,-0.8760223929366018,8.392269368775e-33,-0.8450300555102321,2.152384834937804e-28
HONEYBEE__BEE,PNKC_changed_fraction,discrimination,100,-0.9967291551218782,6.927709937292631e-109,-0.9948883070359417,2.104185270252254e-99
HONEYBEE__BEE,KCEN_EPLUS_mean_delta,discrimination,100,,,,
HONEYBEE__BEE,KCEN_EMINUS_mean_delta,discrimination,100,0.033906221182298704,0.7377037841218805,0.053479235455136484,0.5971890591618936
HONEYBEE__BEE,KCEN_EPLUS_mean_abs_delta,discrimination,100,,,,
HONEYBEE__BEE,KCEN_EMINUS_mean_abs_delta,discrimination,100,-0.033906221182298704,0.7377037841218805,-0.053479235455136484,0.5971890591618936
HONEYBEE__DROSOPHILA,CSplus_behavior,discrimination,100,0.9999999999970663,0.0,0.9993746382757377,4.568079732219789e-144
HONEYBEE__DROSOPHILA,CSminus_behavior,discrimination,100,-0.999999999997066,0.0,-0.9996092070814466,4.5402979082300085e-154
HONEYBEE__DROSOPHILA,response_range,discrimination,100,1.0,0.0,1.0,0.0
HONEYBEE__DROSOPHILA,peak_stimulus,discrimination,100,0.06742366601167402,0.5050794997552304,0.053058086267850135,0.6000840348915211
HONEYBEE__DROSOPHILA,peak_behavior,discrimination,100,0.9999999999970663,0.0,0.9993746382757377,4.568079732219789e-144
HONEYBEE__DROSOPHILA,distance_peak_to_CSplus,discrimination,100,-0.06742366601167402,0.5050794997552304,-0.053058086267850135,0.6000840348915211
HONEYBEE__DROSOPHILA,distance_peak_to_CSminus,discrimination,100,-0.06742366601167404,0.5050794997552304,-0.053058086267850135,0.6000840348915211
HONEYBEE__DROSOPHILA,PNKC_mean_delta,discrimination,100,0.9821033140705079,7.210223140494917e-73,0.9756189439644696,2.3482722785089087e-66
HONEYBEE__DROSOPHILA,PNKC_mean_abs_delta,discrimination,100,0.9889902102616599,3.891363801568225e-83,0.9814087535063418,4.581946433641992e-72
HONEYBEE__DROSOPHILA,PNKC_positive_fraction,discrimination,100,0.9999999999954918,0.0,0.9988601791437856,2.6855688549562587e-131
HONEYBEE__DROSOPHILA,PNKC_negative_fraction,discrimination,100,0.8702897639640094,6.659615148771363e-32,0.8318635278735919,8.364729748968891e-27
HONEYBEE__DROSOPHILA,PNKC_changed_fraction,discrimination,100,0.9965418060370933,1.0567044008519262e-107,0.9929220911190233,1.6928208592789888e-92
HONEYBEE__DROSOPHILA,KCEN_EPLUS_mean_delta,discrimination,100,-0.17257722192073832,0.08598231847214628,-0.15107990390809323,0.133502721353962
HONEYBEE__DROSOPHILA,KCEN_EMINUS_mean_delta,discrimination,100,,,,
HONEYBEE__DROSOPHILA,KCEN_EPLUS_mean_abs_delta,discrimination,100,0.17257722192073832,0.08598231847214628,0.15107990390809323,0.133502721353962
HONEYBEE__DROSOPHILA,KCEN_EMINUS_mean_abs_delta,discrimination,100,,,,
DROSOPHILA_TRANSFER__BEE,CSplus_behavior,discrimination,100,0.9999999999984622,0.0,0.9996035220055887,9.212425456916907e-154
DROSOPHILA_TRANSFER__BEE,CSminus_behavior,discrimination,100,-0.9999999999972661,0.0,-0.9996245529101573,6.378843140615166e-155
DROSOPHILA_TRANSFER__BEE,response_range,discrimination,100,-0.9999999999999998,0.0,-0.9999999999999999,0.0
DROSOPHILA_TRANSFER__BEE,peak_behavior,discrimination,100,-0.9999999999972661,0.0,-0.9996245529101573,6.378843140615166e-155
DROSOPHILA_TRANSFER__BEE,PNKC_mean_delta,discrimination,100,-0.9950528834734635,4.2496265174126397e-100,-0.9904664761030086,3.479392514310952e-86
DROSOPHILA_TRANSFER__BEE,PNKC_mean_abs_delta,discrimination,100,-0.9961811474329421,1.3531835809003794e-105,-0.995545468652633,2.5202163019289514e-102
DROSOPHILA_TRANSFER__BEE,PNKC_positive_fraction,discrimination,100,-0.9999999999973267,0.0,-0.9993090124964665,6.0627417309136155e-142
DROSOPHILA_TRANSFER__BEE,PNKC_negative_fraction,discrimination,100,-0.8651084124249575,3.9852803622985194e-31,-0.8564021632046953,6.857326949507573e-30
DROSOPHILA_TRANSFER__BEE,PNKC_changed_fraction,discrimination,100,-0.9989525778852703,4.275160801978192e-133,-0.9980729583376992,3.941485587505112e-120
DROSOPHILA_TRANSFER__BEE,KCEN_EPLUS_mean_delta,discrimination,100,-0.08607724689724376,0.3944736814977519,-0.11495357466199599,0.2547602076919921
DROSOPHILA_TRANSFER__BEE,KCEN_EMINUS_mean_delta,discrimination,100,0.010178884332300265,0.9199380977099303,0.01134087099272185,0.9108341355018412
DROSOPHILA_TRANSFER__BEE,KCEN_EPLUS_mean_abs_delta,discrimination,100,0.08607724689724376,0.3944736814977519,0.11495357466199599,0.2547602076919921
DROSOPHILA_TRANSFER__BEE,KCEN_EMINUS_mean_abs_delta,discrimination,100,-0.010178884332300265,0.9199380977099303,-0.01134087099272185,0.9108341355018412
DROSOPHILA_TRANSFER__DROSOPHILA,CSplus_behavior,discrimination,100,0.999999999998475,0.0,0.9997508500342849,1.2015022006486743e-163
DROSOPHILA_TRANSFER__DROSOPHILA,CSminus_behavior,discrimination,100,-0.9999999999984751,0.0,-0.9997808724910872,2.2263769449668296e-166
DROSOPHILA_TRANSFER__DROSOPHILA,response_range,discrimination,100,1.0,0.0,1.0,0.0
DROSOPHILA_TRANSFER__DROSOPHILA,peak_stimulus,discrimination,100,-0.009916716790880338,0.9219936064652829,0.09167140129094964,0.36435361497722174
DROSOPHILA_TRANSFER__DROSOPHILA,peak_behavior,discrimination,100,0.999999999998475,0.0,0.9997508500342849,1.2015022006486743e-163
DROSOPHILA_TRANSFER__DROSOPHILA,distance_peak_to_CSplus,discrimination,100,0.009916716790880345,0.9219936064652829,-0.09167140129094964,0.36435361497722174
DROSOPHILA_TRANSFER__DROSOPHILA,distance_peak_to_CSminus,discrimination,100,0.009916716790880332,0.9219936064652829,-0.09167140129094964,0.36435361497722174
DROSOPHILA_TRANSFER__DROSOPHILA,PNKC_mean_delta,discrimination,100,0.9975116776294566,1.0707351069102854e-114,0.9951355279339044,1.8650567666882708e-100
DROSOPHILA_TRANSFER__DROSOPHILA,PNKC_mean_abs_delta,discrimination,100,0.9975763699948347,2.94963163195683e-115,0.9966119812367104,3.8761268263946446e-108
DROSOPHILA_TRANSFER__DROSOPHILA,PNKC_positive_fraction,discrimination,100,0.9999999999980599,0.0,0.9995766928717251,2.277655781102762e-152
DROSOPHILA_TRANSFER__DROSOPHILA,PNKC_negative_fraction,discrimination,100,0.8289365910734651,1.8079013605621874e-26,0.8250396237098586,4.933078284266493e-26
DROSOPHILA_TRANSFER__DROSOPHILA,PNKC_changed_fraction,discrimination,100,0.9993045775634308,8.294123534155723e-142,0.9988116440644192,2.069794964179048e-130
DROSOPHILA_TRANSFER__DROSOPHILA,KCEN_EPLUS_mean_delta,discrimination,100,-0.019242077191418242,0.8492941294560528,-0.004062428838940256,0.9680024795195071
DROSOPHILA_TRANSFER__DROSOPHILA,KCEN_EMINUS_mean_delta,discrimination,100,-0.0262275801517713,0.7956175734852688,-0.019153465228386686,0.849980017476384
DROSOPHILA_TRANSFER__DROSOPHILA,KCEN_EPLUS_mean_abs_delta,discrimination,100,0.019242077191418242,0.8492941294560528,0.004062428838940256,0.9680024795195071
DROSOPHILA_TRANSFER__DROSOPHILA,KCEN_EMINUS_mean_abs_delta,discrimination,100,0.0262275801517713,0.7956175734852688,0.019153465228386686,0.849980017476384
